0,0,
1,0,
2,0,
3,0,
4,0,
5,0,
6,0,
7,0,
8,0,
9,295.93,
10,161.04,
11,18.85,
12,2.3,
13,0.91,
14,0,
15,0,
16,0.15,
17,5.2,
18,6.68,
19,7.24,
20,7.66,
21,0,
22,0,
23,0,
24,0,
25,0,
26,0,
27,0,
28,0,
29,0,
30,0,
31,0,
32,0,
33,0,
34,0,
35,0,
36,0,
37,16.36,
38,12.68,
39,83.05,
40,52.96,
41,8.2,
42,12.83,
43,19.3,
44,60.94,
45,0,
46,0,
47,0,
48,0,
49,0,
50,0,
51,0,
52,0,
53,0,
54,0,
55,0,
56,0,
57,1157.11,
58,537.39,
59,266.78,
60,106.46,
61,97.91,
62,115.03,
63,94.95,
64,261.27,
65,272.28,
66,32.6,
67,35.54,
68,148.8,
69,0,
70,0,
71,0,
72,0,
73,0,
74,0,
75,0,
76,0,
77,0,
78,0,
79,0,
80,0,
81,0,
82,100.8,
83,70.36,
84,136.77,
85,197.13,
86,259.82,
87,310.36,
88,365.73,
89,296.32,
90,46.15,
91,3.1,
92,17.15,
93,0,
94,0,
95,0,
96,0,
97,0,
98,0,
99,0,
100,0,
101,0,
102,0,
103,0,
104,0,
105,0,
106,0,
107,0,
108,14.7,
109,44.08,
110,98.69,
111,89.87,
112,143.49,
113,53.6,
114,0,
115,0,
116,0,
117,0,
118,0,
119,0,
120,0,
121,0,
122,0,
123,0,
124,0,
125,0,
126,0,
127,0,
128,0,
129,0,
130,0,
131,0,
132,0,
133,0,
134,0,
135,0,
136,0,
137,0,
138,0,
139,0,
140,0,
141,0,
142,0,
143,0,
144,0,
145,0,
146,0,
147,0,
148,0,
149,0,
150,0,
151,0,
152,0,
153,0,
154,0,
155,0,
156,0,
157,0,
158,0,
159,0,
160,0,
161,0,
162,0,
163,0,
164,0,
165,0,
166,0,
167,0,
168,0,
169,0,
170,0,
171,0,
172,0,
173,0,
174,0,
175,0,
176,0,
177,0,
178,0,
179,0,
180,0,
181,0,
182,5.5,
183,22.23,
184,26.24,
185,0,
186,0,
187,0,
188,0,
189,0,
190,0,
191,0,
192,0,
193,0,
194,0,
195,0,
196,0,
197,0,
198,0,
199,0,
200,0,
201,0,
202,0,
203,0,
204,0,
205,0,
206,0,
207,0,
208,0,
209,0,
210,0,
211,0,
212,0,
213,0,
214,0,
215,0,
216,0,
217,0,
218,0,
219,0,
220,0,
221,0,
222,0,
223,0,
224,0,
225,0,
226,0,
227,0,
228,0,
229,0,
230,0,
231,0,
232,0,
233,0,
234,0,
235,0,
236,0,
237,0,
238,0,
239,0,
240,0,
241,0,
242,0,
243,0,
244,0,
245,0,
246,0,
247,0,
248,0,
249,0,
250,0,
251,0,
252,0,
253,0,
254,0,
255,0,
256,0,
257,0,
258,0,
259,0,
260,0,
261,0,
262,0,
263,0,
264,0,
265,0,
266,0,
267,0,
268,0,
269,0,
270,0,
271,0,
272,0,
273,0,
274,0,
275,0,
276,0,
277,0,
278,0,
279,0,
280,0,
281,0,
282,0,
283,0,
284,0,
285,0,
286,0,
287,0,
288,0,
289,0,
290,0,
291,0,
292,0,
293,0,
294,0,
295,0,
296,0,
297,0,
298,0,
299,0,
300,0,
301,0,
302,0,
303,0,
304,0,
305,0,
306,0,
307,0,
308,0,
309,0,
310,0,
311,0,
312,0,
313,0,
314,0,
315,0,
316,0,
317,0,
318,0,
319,0,
320,0,
321,0,
322,0,
323,0,
324,0,
325,0,
326,0,
327,0,
328,0,
329,0,
330,0,
331,0,
332,0,
333,0,
334,0,
335,0,
336,0,
337,0,
338,0,
339,0,
340,0,
341,0,
342,0,
343,0,
344,0,
345,0,
346,0,
347,0,
348,0,
349,0,
350,0,
351,0,
352,0,
353,0,
354,0,
355,0,
356,0,
357,0,
358,0,
359,0,
360,0,
361,0,
362,0,
363,0,
364,0,
365,0,
366,0,
367,0,
368,0,
369,0,
370,0,
371,0,
372,0,
373,0,
374,0,
375,0,
376,0,
377,0,
378,0,
379,0,
380,0,
381,0,
382,0,
383,0,
384,0,
385,0,
386,0,
387,0,
388,0,
389,0,
390,0,
391,0,
392,0,
393,0,
394,0,
395,0,
396,0,
397,0,
398,0,
399,0,
400,0,
401,0,
402,0,
403,0,
404,0,
405,0,
406,0,
407,0,
408,0,
409,0,
410,0,
411,0,
412,0,
413,0,
414,0,
415,0,
416,0,
417,0,
418,0,
419,0,
420,0,
421,0,
422,0,
423,0,
424,0,
425,0,
426,0,
427,0,
428,0,
429,0,
430,0,
431,0,
432,0,
433,0,
434,0,
435,0,
436,0,
437,0,
438,0,
439,0,
440,0,
441,0,
442,0,
443,0,
444,0,
445,0,
446,0,
447,0,
448,0,
449,0,
450,0,
451,0,
452,0,
453,0,
454,0,
455,0,
456,0,
457,0,
458,0,
459,0,
460,0,
461,0,
462,0,
463,0,
464,0,
465,0,
466,0,
467,0,
468,0,
469,0.09,
470,0.06,
471,0.29,
472,0,
473,0,
474,0,
475,0,
476,0,
477,0,
478,0,
479,0,
480,0,
481,0,
482,0,
483,0,
484,0,
485,0,
486,0,
487,0,
488,0,
489,375.64,
490,31.99,
491,57.17,
492,58.12,
493,88.62,
494,137.63,
495,181.3,
496,194.35,
497,129.45,
498,11.16,
499,3.27,
500,5.92,
501,0,
502,0,
503,0,
504,0,
505,0,
506,0,
507,0,
508,0,
509,0,
510,0,
511,0,
512,0,
513,305.27,
514,200,
515,120.17,
516,152.41,
517,204.79,
518,272.52,
519,330.07,
520,393.64,
521,389.9,
522,244.34,
523,130.44,
524,342.65,
525,0,
526,0,
527,0,
528,0,
529,0,
530,0,
531,0,
532,0,
533,0,
534,0,
535,0,
536,0,
537,349.54,
538,544.98,
539,321.67,
540,207.19,
541,12.98,
542,48.05,
543,12.75,
544,7.86,
545,110.71,
546,423.65,
547,442.88,
548,364.97,
549,0,
550,0,
551,0,
552,0,
553,0,
554,0,
555,0,
556,0,
557,0,
558,0,
559,0,
560,0,
561,0,
562,0,
563,0,
564,0,
565,0,
566,0,
567,0,
568,0,
569,0,
570,0,
571,0,
572,0,
573,0,
574,0,
575,0,
576,0,
577,0,
578,0,
579,0,
580,0,
581,0,
582,0,
583,0,
584,0,
585,0,
586,0,
587,0,
588,0,
589,0,
590,0,
591,0,
592,0,
593,0,
594,0,
595,0,
596,0,
597,0,
598,0,
599,0,
600,0,
601,0,
602,0,
603,0,
604,0,
605,0,
606,0,
607,0,
608,0,
609,521.59,
610,405.09,
611,242.2,
612,53.26,
613,0,
614,0,
615,0,
616,0,
617,0,
618,3.08,
619,15.5,
620,60.95,
621,0,
622,0,
623,0,
624,0,
625,0,
626,0,
627,0,
628,0,
629,0,
630,0,
631,0,
632,0,
633,402.22,
634,166.74,
635,178.7,
636,165.08,
637,148.82,
638,112.43,
639,3.85,
640,4.05,
641,2.84,
642,0.94,
643,0,
644,0,
645,0,
646,0,
647,0,
648,0,
649,0,
650,0,
651,0,
652,0,
653,0,
654,0,
655,0,
656,0,
657,0,
658,0,
659,0,
660,0,
661,0,
662,0,
663,0,
664,0,
665,0,
666,0,
667,0,
668,0,
669,0,
670,0,
671,0,
672,0,
673,0,
674,0,
675,0,
676,0,
677,0,
678,0,
679,0,
680,0,
681,0,
682,0,
683,0,
684,0,
685,0,
686,0,
687,0,
688,0,
689,0,
690,0,
691,0,
692,30.37,
693,0,
694,0,
695,0,
696,0,
697,0,
698,0,
699,0,
700,0,
701,0,
702,0,
703,0,
704,0,
705,38.89,
706,0,
707,153.92,
708,62.23,
709,9.85,
710,26.11,
711,10.94,
712,8.85,
713,19.33,
714,10.68,
715,55.86,
716,187.74,
717,0,
718,0,
719,0,
720,0,
721,0,
722,0,
723,0,
724,0,
725,0,
726,0,
727,0,
728,0,
729,681.96,
730,632.39,
731,421.33,
732,435.01,
733,342.82,
734,210.21,
735,152.6,
736,130.91,
737,97.07,
738,64.74,
739,94.11,
740,370.04,
741,0,
742,0,
743,0,
744,0,
745,0,
746,0,
747,0,
748,0,
749,0,
750,0,
751,0,
752,0,
753,715.98,
754,495.69,
755,324.59,
756,279.43,
757,215.27,
758,196.97,
759,296.23,
760,359.57,
761,555.37,
762,589.17,
763,583.83,
764,768.88,
765,0,
766,0,
767,0,
768,0,
769,0,
770,0,
771,0,
772,0,
773,0,
774,0,
775,0,
776,0,
777,506.54,
778,383.34,
779,203.54,
780,270.83,
781,211.16,
782,159.21,
783,199.95,
784,203.14,
785,113.39,
786,97,
787,153.02,
788,213.32,
789,0,
790,0,
791,0,
792,0,
793,0,
794,0,
795,0,
796,0,
797,0,
798,0,
799,0,
800,0,
801,49.54,
802,3.26,
803,4.79,
804,3.76,
805,3.56,
806,2.9,
807,1.34,
808,0.23,
809,4.99,
810,0,
811,0,
812,0,
813,0,
814,0,
815,0,
816,0,
817,0,
818,0,
819,0,
820,0,
821,0,
822,0,
823,0,
824,0,
825,0,
826,0,
827,0,
828,0,
829,0,
830,0,
831,0,
832,0,
833,0,
834,0,
835,0,
836,0,
837,0,
838,0,
839,0,
840,0,
841,0,
842,0,
843,0,
844,0,
845,0,
846,0,
847,0,
848,0,
849,0,
850,0,
851,0,
852,0,
853,0,
854,0,
855,0,
856,5.21,
857,0,
858,0,
859,0,
860,0,
861,0,
862,0,
863,0,
864,0,
865,0,
866,0,
867,0,
868,0,
869,0,
870,0,
871,0,
872,0,
873,0,
874,0,
875,0,
876,4.72,
877,90.08,
878,0,
879,0,
880,111.23,
881,170.83,
882,110.38,
883,0,
884,0,
885,0,
886,0,
887,0,
888,0,
889,0,
890,0,
891,0,
892,0,
893,0,
894,0,
895,0,
896,0,
897,0,
898,0,
899,58.43,
900,49.33,
901,18.67,
902,5.01,
903,3.03,
904,2.25,
905,3.55,
906,0,
907,0,
908,0,
909,0,
910,0,
911,0,
912,0,
913,0,
914,0,
915,0,
916,0,
917,0,
918,0,
919,0,
920,0,
921,0,
922,0,
923,0,
924,0,
925,0,
926,0,
927,0,
928,0,
929,0,
930,0,
931,0,
932,0,
933,0,
934,0,
935,0,
936,0,
937,0,
938,0,
939,0,
940,0,
941,0,
942,0,
943,0,
944,0,
945,0,
946,0,
947,0,
948,0,
949,0,
950,0,
951,0,
952,0,
953,0,
954,0,
955,0,
956,0,
957,0,
958,0,
959,0,
960,0,
961,0,
962,0,
963,0,
964,0,
965,0,
966,0,
967,0,
968,0,
969,0,
970,0,
971,0,
972,0,
973,0,
974,0,
975,0,
976,0,
977,0,
978,0,
979,0,
980,0,
981,0,
982,0,
983,0,
984,0,
985,0,
986,0,
987,0,
988,0,
989,0,
990,0,
991,0,
992,0,
993,0,
994,0,
995,0,
996,0,
997,0,
998,0,
999,0,
1000,0,
1001,0,
1002,0,
1003,0,
1004,0,
1005,0,
1006,0,
1007,0,
1008,0,
1009,0,
1010,0,
1011,0,
1012,0,
1013,0,
1014,0,
1015,0,
1016,0,
1017,118.28,
1018,0,
1019,0,
1020,0,
1021,1.64,
1022,29.8,
1023,0,
1024,0,
1025,0,
1026,0,
1027,0,
1028,0,
1029,0,
1030,0,
1031,0,
1032,0,
1033,0,
1034,0,
1035,0,
1036,0,
1037,0,
1038,0,
1039,0,
1040,0,
1041,142.9,
1042,0,
1043,0,
1044,0,
1045,3.14,
1046,23.02,
1047,62.87,
1048,121.93,
1049,112,
1050,9.61,
1051,0,
1052,0,
1053,0,
1054,0,
1055,0,
1056,0,
1057,0,
1058,0,
1059,0,
1060,0,
1061,0,
1062,0,
1063,0,
1064,0,
1065,0,
1066,0,
1067,0,
1068,0,
1069,0,
1070,0,
1071,0,
1072,0,
1073,0,
1074,0,
1075,0,
1076,0,
1077,0,
1078,0,
1079,0,
1080,0,
1081,0,
1082,0,
1083,0,
1084,0,
1085,0,
1086,0,
1087,0,
1088,0,
1089,0,
1090,0,
1091,0,
1092,0,
1093,0,
1094,0,
1095,0,
1096,0,
1097,0,
1098,0,
1099,0,
1100,0,
1101,0,
1102,0,
1103,0,
1104,0,
1105,0,
1106,0,
1107,0,
1108,0,
1109,0,
1110,0,
1111,0,
1112,0,
1113,0,
1114,0,
1115,5.17,
1116,68.42,
1117,31.42,
1118,8.83,
1119,109.34,
1120,144.8,
1121,192.96,
1122,123.24,
1123,120.6,
1124,157.3,
1125,0,
1126,0,
1127,0,
1128,0,
1129,0,
1130,0,
1131,0,
1132,0,
1133,0,
1134,0,
1135,0,
1136,0,
1137,753.4,
1138,201.02,
1139,191.42,
1140,138.65,
1141,134.39,
1142,194.76,
1143,200.59,
1144,117.96,
1145,102.35,
1146,93.7,
1147,92.9,
1148,67.78,
1149,0,
1150,0,
1151,0,
1152,0,
1153,0,
1154,0,
1155,0,
1156,0,
1157,0,
1158,0,
1159,0,
1160,0,
1161,5.73,
1162,0,
1163,0,
1164,30.94,
1165,40.58,
1166,54.82,
1167,63.29,
1168,72.17,
1169,49.44,
1170,13.07,
1171,2.08,
1172,23.42,
1173,0,
1174,0,
1175,0,
1176,0,
1177,0,
1178,0,
1179,0,
1180,0,
1181,0,
1182,0,
1183,0,
1184,0,
1185,13.76,
1186,111.73,
1187,50.6,
1188,44.28,
1189,66.17,
1190,119,
1191,164.74,
1192,187.22,
1193,166.17,
1194,59.01,
1195,7.89,
1196,22.57,
1197,0,
1198,0,
1199,0,
1200,0,
1201,0,
1202,0,
1203,0,
1204,0,
1205,0,
1206,0,
1207,0,
1208,0,
1209,314.74,
1210,466.17,
1211,161.79,
1212,317.13,
1213,184.32,
1214,209.74,
1215,260.69,
1216,331.96,
1217,574.23,
1218,667.62,
1219,824.94,
1220,851.09,
1221,0,
1222,0,
1223,0,
1224,0,
1225,0,
1226,0,
1227,0,
1228,0,
1229,0,
1230,0,
1231,0,
1232,0,
1233,2083.65,
1234,1479.45,
1235,1392.42,
1236,1356.93,
1237,1248.98,
1238,1231.56,
1239,1080.88,
1240,961.36,
1241,1128.66,
1242,1039.62,
1243,880.22,
1244,938.24,
1245,0,
1246,0,
1247,0,
1248,0,
1249,0,
1250,0,
1251,0,
1252,0,
1253,0,
1254,0,
1255,0,
1256,0,
1257,1493.33,
1258,737.64,
1259,677.79,
1260,613.94,
1261,518.99,
1262,483.14,
1263,482.63,
1264,488.07,
1265,375.59,
1266,334.22,
1267,683.71,
1268,1174.61,
1269,0,
1270,0,
1271,0,
1272,0,
1273,0,
1274,0,
1275,0,
1276,0,
1277,0,
1278,0,
1279,0,
1280,0,
1281,1142.27,
1282,972.5,
1283,558.9,
1284,671.05,
1285,534.22,
1286,693.71,
1287,594.24,
1288,633.1,
1289,639.87,
1290,684.86,
1291,748.31,
1292,837.15,
1293,0,
1294,0,
1295,0,
1296,0,
1297,0,
1298,0,
1299,0,
1300,0,
1301,0,
1302,0,
1303,0,
1304,0,
1305,362.14,
1306,99.82,
1307,76.11,
1308,51.07,
1309,123.3,
1310,115.43,
1311,107.18,
1312,94.03,
1313,154.54,
1314,146.24,
1315,140.65,
1316,152.44,
1317,0,
1318,0,
1319,0,
1320,0,
1321,0,
1322,0,
1323,0,
1324,0,
1325,0,
1326,0,
1327,0,
1328,0,
1329,260.97,
1330,61.39,
1331,20.34,
1332,65.6,
1333,146.55,
1334,267.57,
1335,406.78,
1336,404.05,
1337,263.63,
1338,105.39,
1339,59.97,
1340,103.31,
1341,0,
1342,0,
1343,0,
1344,0,
1345,0,
1346,0,
1347,0,
1348,0,
1349,0,
1350,0,
1351,0,
1352,0,
1353,1160.17,
1354,1107.92,
1355,894.95,
1356,1008.41,
1357,849.28,
1358,891.13,
1359,917.31,
1360,956.93,
1361,955.3,
1362,1036.7,
1363,1108.38,
1364,1203.76,
1365,0,
1366,0,
1367,0,
1368,0,
1369,0,
1370,0,
1371,0,
1372,0,
1373,0,
1374,0,
1375,0,
1376,0,
1377,1703.02,
1378,1329.98,
1379,1169.84,
1380,1219.89,
1381,1092.98,
1382,1127.48,
1383,737.35,
1384,850.84,
1385,801.55,
1386,977.92,
1387,1030.16,
1388,1158.32,
1389,0,
1390,0,
1391,0,
1392,0,
1393,0,
1394,0,
1395,0,
1396,0,
1397,0,
1398,0,
1399,0,
1400,0,
1401,1380.06,
1402,901.2,
1403,666.35,
1404,650.75,
1405,552.78,
1406,470.11,
1407,273.77,
1408,282.61,
1409,181.7,
1410,94.15,
1411,206.05,
1412,219.08,
1413,0,
1414,0,
1415,0,
1416,0,
1417,0,
1418,0,
1419,0,
1420,0,
1421,0,
1422,0,
1423,0,
1424,0,
1425,723,
1426,654.82,
1427,279.07,
1428,305.14,
1429,133.22,
1430,90.01,
1431,54.47,
1432,32.68,
1433,22.88,
1434,23.71,
1435,26.28,
1436,165.33,
1437,0,
1438,0,
1439,0,
1440,0,
1441,0,
1442,0,
1443,0,
1444,0,
1445,0,
1446,0,
1447,0,
1448,0,
1449,233.61,
1450,355.22,
1451,21.04,
1452,23.67,
1453,22.37,
1454,35.81,
1455,42.93,
1456,41.96,
1457,17.19,
1458,17.62,
1459,20.77,
1460,30.38,
1461,0,
1462,0,
1463,0,
1464,0,
1465,0,
1466,0,
1467,0,
1468,0,
1469,0,
1470,0,
1471,0,
1472,0,
1473,2.16,
1474,22.12,
1475,62.67,
1476,104.58,
1477,132.64,
1478,198.8,
1479,314.35,
1480,369.23,
1481,331.48,
1482,173.6,
1483,1.02,
1484,0,
1485,0,
1486,0,
1487,0,
1488,0,
1489,0,
1490,0,
1491,0,
1492,0,
1493,0,
1494,0,
1495,0,
1496,0,
1497,0,
1498,0,
1499,0,
1500,2.63,
1501,29.67,
1502,45.89,
1503,92.2,
1504,93.6,
1505,44.71,
1506,0,
1507,0,
1508,0,
1509,0,
1510,0,
1511,0,
1512,0,
1513,0,
1514,0,
1515,0,
1516,0,
1517,0,
1518,0,
1519,0,
1520,0,
1521,257.45,
1522,545.75,
1523,176.37,
1524,306.17,
1525,40.83,
1526,55.3,
1527,21.05,
1528,15.84,
1529,13.15,
1530,12.68,
1531,13.63,
1532,32.02,
1533,0,
1534,0,
1535,0,
1536,0,
1537,0,
1538,0,
1539,0,
1540,0,
1541,0,
1542,0,
1543,0,
1544,0,
1545,406.92,
1546,528.57,
1547,327.12,
1548,494.14,
1549,418.02,
1550,529.9,
1551,447.97,
1552,448.75,
1553,393.79,
1554,378.48,
1555,402.05,
1556,465.71,
1557,0,
1558,0,
1559,0,
1560,0,
1561,0,
1562,0,
1563,0,
1564,0,
1565,0,
1566,0,
1567,0,
1568,0,
1569,658.92,
1570,575.79,
1571,211.76,
1572,276.38,
1573,252.56,
1574,171.38,
1575,79.29,
1576,186.32,
1577,136.76,
1578,72.02,
1579,149.35,
1580,177.43,
1581,0,
1582,0,
1583,0,
1584,0,
1585,0,
1586,0,
1587,0,
1588,0,
1589,0,
1590,0,
1591,0,
1592,0,
1593,0,
1594,0,
1595,0,
1596,0,
1597,0,
1598,0,
1599,0,
1600,0,
1601,0,
1602,0,
1603,0,
1604,0,
1605,0,
1606,0,
1607,0,
1608,0,
1609,0,
1610,0,
1611,0,
1612,0,
1613,0,
1614,0,
1615,0,
1616,0,
1617,0,
1618,0,
1619,0,
1620,0,
1621,0,
1622,0,
1623,0,
1624,0,
1625,0,
1626,0,
1627,0,
1628,0,
1629,0,
1630,0,
1631,0,
1632,0,
1633,0,
1634,0,
1635,0,
1636,0,
1637,0,
1638,0,
1639,0,
1640,0,
1641,0,
1642,0,
1643,0,
1644,0,
1645,0,
1646,0,
1647,0,
1648,0,
1649,0,
1650,0.14,
1651,1.85,
1652,8.88,
1653,0,
1654,0,
1655,0,
1656,0,
1657,0,
1658,0,
1659,0,
1660,0,
1661,0,
1662,0,
1663,0,
1664,0,
1665,285.67,
1666,87.98,
1667,49.87,
1668,24.2,
1669,40.42,
1670,37.94,
1671,60.71,
1672,84.47,
1673,94.87,
1674,18.17,
1675,7.22,
1676,34.99,
1677,0,
1678,0,
1679,0,
1680,0,
1681,0,
1682,0,
1683,0,
1684,0,
1685,0,
1686,0,
1687,0,
1688,0,
1689,268.15,
1690,572.3,
1691,87.89,
1692,73.15,
1693,29.28,
1694,145.45,
1695,45.25,
1696,186.57,
1697,48.79,
1698,96.69,
1699,62.15,
1700,194.88,
1701,0,
1702,0,
1703,0,
1704,0,
1705,0,
1706,0,
1707,0,
1708,0,
1709,0,
1710,0,
1711,0,
1712,0,
1713,0,
1714,61.81,
1715,7.01,
1716,5.71,
1717,11.11,
1718,19.5,
1719,27.35,
1720,35.9,
1721,32.74,
1722,91.7,
1723,204.52,
1724,319.01,
1725,0,
1726,0,
1727,0,
1728,0,
1729,0,
1730,0,
1731,0,
1732,0,
1733,0,
1734,0,
1735,0,
1736,0,
1737,1388.78,
1738,1284.52,
1739,1140.89,
1740,1189.44,
1741,1079.78,
1742,1180.55,
1743,1170.95,
1744,1175.04,
1745,1184.63,
1746,1262.07,
1747,1317.01,
1748,1336.96,
1749,0,
1750,0,
1751,0,
1752,0,
1753,0,
1754,0,
1755,0,
1756,0,
1757,0,
1758,0,
1759,0,
1760,0,
1761,1819.97,
1762,1167.18,
1763,961.55,
1764,988.74,
1765,969.35,
1766,983.92,
1767,968.47,
1768,985.44,
1769,1082.08,
1770,1086.23,
1771,1027.53,
1772,1105.82,
1773,0,
1774,0,
1775,0,
1776,0,
1777,0,
1778,0,
1779,0,
1780,0,
1781,0,
1782,0,
1783,0,
1784,0,
1785,814.38,
1786,803.72,
1787,319.52,
1788,48.48,
1789,23.98,
1790,21.13,
1791,80.32,
1792,134.01,
1793,296.97,
1794,230.48,
1795,93.77,
1796,364.05,
1797,0,
1798,0,
1799,0,
1800,0,
1801,0,
1802,0,
1803,0,
1804,0,
1805,0,
1806,0,
1807,0,
1808,0,
1809,787.24,
1810,318.44,
1811,268.85,
1812,453.24,
1813,600.47,
1814,727.11,
1815,805.35,
1816,776.41,
1817,674.38,
1818,520.18,
1819,403.9,
1820,386.65,
1821,0,
1822,0,
1823,0,
1824,0,
1825,0,
1826,0,
1827,0,
1828,0,
1829,0,
1830,0,
1831,0,
1832,0,
1833,627.58,
1834,297.4,
1835,272.19,
1836,339.37,
1837,383.75,
1838,454,
1839,485.6,
1840,504.14,
1841,497.47,
1842,441.66,
1843,366.87,
1844,349.83,
1845,0,
1846,0,
1847,0,
1848,0,
1849,0,
1850,0,
1851,0,
1852,0,
1853,0,
1854,0,
1855,0,
1856,0,
1857,1106.91,
1858,860.58,
1859,368.61,
1860,436.29,
1861,518.37,
1862,623.76,
1863,646.67,
1864,595.71,
1865,494.9,
1866,380.89,
1867,306.51,
1868,439.92,
1869,0,
1870,0,
1871,0,
1872,0,
1873,0,
1874,0,
1875,0,
1876,0,
1877,0,
1878,0,
1879,0,
1880,0,
1881,490.68,
1882,557.16,
1883,107.38,
1884,259.77,
1885,82.52,
1886,189.24,
1887,105.46,
1888,172.17,
1889,167.53,
1890,255.87,
1891,350.03,
1892,505.42,
1893,0,
1894,0,
1895,0,
1896,0,
1897,0,
1898,0,
1899,0,
1900,0,
1901,0,
1902,0,
1903,0,
1904,0,
1905,1217.46,
1906,1154.88,
1907,873.9,
1908,872.99,
1909,844.27,
1910,941.08,
1911,845.06,
1912,855.26,
1913,810.89,
1914,889.16,
1915,934.81,
1916,910.78,
1917,0,
1918,0,
1919,0,
1920,0,
1921,0,
1922,0,
1923,0,
1924,0,
1925,0,
1926,0,
1927,0,
1928,0,
1929,1507.62,
1930,1136.15,
1931,951.77,
1932,1037.37,
1933,1011.99,
1934,889.5,
1935,893.46,
1936,771.82,
1937,752.36,
1938,715.83,
1939,757.71,
1940,771.84,
1941,0,
1942,0,
1943,0,
1944,0,
1945,0,
1946,0,
1947,0,
1948,0,
1949,0,
1950,0,
1951,0,
1952,0,
1953,1190.49,
1954,906.57,
1955,771.1,
1956,881.74,
1957,923.39,
1958,1019.64,
1959,999.65,
1960,1145.42,
1961,1222.58,
1962,1252.43,
1963,1217.13,
1964,1267.24,
1965,0,
1966,0,
1967,0,
1968,0,
1969,0,
1970,0,
1971,0,
1972,0,
1973,0,
1974,0,
1975,0,
1976,0,
1977,1038.66,
1978,397.9,
1979,398.78,
1980,380.14,
1981,346.77,
1982,319.74,
1983,344.32,
1984,365.39,
1985,327.03,
1986,334.88,
1987,320.78,
1988,330.7,
1989,0,
1990,0,
1991,0,
1992,0,
1993,0,
1994,0,
1995,0,
1996,0,
1997,0,
1998,0,
1999,0,
2000,0,
2001,138.97,
2002,150.92,
2003,206.95,
2004,237.02,
2005,256.52,
2006,362.97,
2007,524.13,
2008,651.76,
2009,679.93,
2010,544.7,
2011,189.85,
2012,71.33,
2013,0,
2014,0,
2015,0,
2016,0,
2017,0,
2018,0,
2019,0,
2020,0,
2021,0,
2022,0,
2023,0,
2024,0,
2025,331.13,
2026,629.94,
2027,33.89,
2028,464.33,
2029,109.73,
2030,270.39,
2031,457.34,
2032,592.4,
2033,695.47,
2034,643.28,
2035,311.29,
2036,381.84,
2037,0,
2038,0,
2039,0,
2040,0,
2041,0,
2042,0,
2043,0,
2044,0,
2045,0,
2046,0,
2047,0,
2048,0,
2049,610.97,
2050,519.96,
2051,280.14,
2052,496.27,
2053,720.83,
2054,840.67,
2055,797.32,
2056,841.39,
2057,852,
2058,846.12,
2059,768.22,
2060,664.72,
2061,0,
2062,0,
2063,0,
2064,0,
2065,0,
2066,0,
2067,0,
2068,0,
2069,0,
2070,0,
2071,0,
2072,0,
2073,596.72,
2074,558.42,
2075,186.66,
2076,475.53,
2077,684,
2078,904.52,
2079,986.52,
2080,910.73,
2081,862.68,
2082,666.46,
2083,506.86,
2084,489.64,
2085,0,
2086,0,
2087,0,
2088,0,
2089,0,
2090,0,
2091,0,
2092,0,
2093,0,
2094,0,
2095,0,
2096,0,
2097,254.32,
2098,306.04,
2099,65.41,
2100,287.77,
2101,465.37,
2102,576.91,
2103,627.43,
2104,545.96,
2105,484.72,
2106,348.4,
2107,75.16,
2108,129.51,
2109,0,
2110,0,
2111,0,
2112,0,
2113,0,
2114,0,
2115,0,
2116,0,
2117,0,
2118,0,
2119,0,
2120,0,
2121,773.06,
2122,948.6,
2123,547.12,
2124,397.6,
2125,552.23,
2126,618.46,
2127,262.57,
2128,319.33,
2129,447.47,
2130,432.23,
2131,359.01,
2132,395.92,
2133,0,
2134,0,
2135,0,
2136,0,
2137,0,
2138,0,
2139,0,
2140,0,
2141,0,
2142,0,
2143,0,
2144,0,
2145,992.27,
2146,377.24,
2147,423.11,
2148,583.37,
2149,710.03,
2150,763.34,
2151,757.82,
2152,696.73,
2153,618.75,
2154,509.62,
2155,355.3,
2156,288.35,
2157,0,
2158,0,
2159,0,
2160,0,
2161,0,
2162,0,
2163,0,
2164,0,
2165,0,
2166,0,
2167,0,
2168,0,
2169,732.86,
2170,279.31,
2171,256.81,
2172,242,
2173,227.8,
2174,231.97,
2175,219.51,
2176,206.71,
2177,231.57,
2178,266.31,
2179,265.82,
2180,263.74,
2181,0,
2182,0,
2183,0,
2184,0,
2185,0,
2186,0,
2187,0,
2188,0,
2189,0,
2190,0,
2191,0,
2192,0,
2193,1013.02,
2194,919.73,
2195,452.72,
2196,198.77,
2197,156.49,
2198,314.14,
2199,341.8,
2200,374.76,
2201,320.69,
2202,165.72,
2203,129.76,
2204,339.57,
2205,0,
2206,0,
2207,0,
2208,0,
2209,0,
2210,0,
2211,0,
2212,0,
2213,0,
2214,0,
2215,0,
2216,0,
2217,302.94,
2218,707.11,
2219,212.78,
2220,394.62,
2221,147.15,
2222,174.88,
2223,110.13,
2224,94.39,
2225,144.61,
2226,289.9,
2227,342.1,
2228,421.31,
2229,0,
2230,0,
2231,0,
2232,0,
2233,0,
2234,0,
2235,0,
2236,0,
2237,0,
2238,0,
2239,0,
2240,0,
2241,925.98,
2242,761.68,
2243,568.56,
2244,568.84,
2245,537.2,
2246,634.33,
2247,719.56,
2248,813.64,
2249,758.1,
2250,637.65,
2251,553.12,
2252,597.53,
2253,0,
2254,0,
2255,0,
2256,0,
2257,0,
2258,0,
2259,0,
2260,0,
2261,0,
2262,0,
2263,0,
2264,0,
2265,1097.7,
2266,1301.49,
2267,1201.52,
2268,1356.13,
2269,1426.89,
2270,1623.57,
2271,1862.58,
2272,2090.17,
2273,2246.91,
2274,2334.74,
2275,2036.29,
2276,2114.45,
2277,0,
2278,0,
2279,0,
2280,0,
2281,0,
2282,0,
2283,0,
2284,0,
2285,0,
2286,0,
2287,0,
2288,0,
2289,2305.03,
2290,2337.77,
2291,2554.87,
2292,2662.23,
2293,2794.96,
2294,2884.95,
2295,2802.97,
2296,2599.32,
2297,2528.87,
2298,2511.08,
2299,2390.06,
2300,2402.15,
2301,0,
2302,0,
2303,0,
2304,0,
2305,0,
2306,0,
2307,0,
2308,0,
2309,0,
2310,0,
2311,0,
2312,0,
2313,1481.5,
2314,1089.15,
2315,1108.77,
2316,1159.26,
2317,1271.36,
2318,1363.81,
2319,1327.14,
2320,1296.48,
2321,1216.35,
2322,1103.75,
2323,942.64,
2324,862.98,
2325,0,
2326,0,
2327,0,
2328,0,
2329,0,
2330,0,
2331,0,
2332,0,
2333,0,
2334,0,
2335,0,
2336,0,
2337,1128.48,
2338,1046.66,
2339,1145.63,
2340,1290.69,
2341,1384.64,
2342,1362.77,
2343,1355.9,
2344,1334.99,
2345,1184.74,
2346,990.46,
2347,823.71,
2348,759.57,
2349,0,
2350,0,
2351,0,
2352,0,
2353,0,
2354,0,
2355,0,
2356,0,
2357,0,
2358,0,
2359,0,
2360,0,
2361,1033.62,
2362,906.2,
2363,1082.5,
2364,1291.84,
2365,1627.44,
2366,1872.74,
2367,2018.44,
2368,2094.67,
2369,2284.46,
2370,2141.94,
2371,1852.55,
2372,1812.12,
2373,0,
2374,0,
2375,0,
2376,0,
2377,0,
2378,0,
2379,0,
2380,0,
2381,0,
2382,0,
2383,0,
2384,0,
2385,1592.86,
2386,1902.07,
2387,2020.28,
2388,2266.6,
2389,2541.02,
2390,2703.29,
2391,2797.8,
2392,2823.81,
2393,2737.76,
2394,2551.1,
2395,2338.62,
2396,2250.94,
2397,0,
2398,0,
2399,0,
2400,0,
2401,0,
2402,0,
2403,0,
2404,0,
2405,0,
2406,0,
2407,0,
2408,0,
2409,2073.41,
2410,2984.64,
2411,2874.29,
2412,3054.78,
2413,3229.81,
2414,3285.2,
2415,3361.3,
2416,3388.42,
2417,3239.58,
2418,3032.95,
2419,2821.88,
2420,2792.48,
2421,0,
2422,0,
2423,0,
2424,0,
2425,0,
2426,0,
2427,0,
2428,0,
2429,0,
2430,0,
2431,0,
2432,0,
2433,2318.71,
2434,2410.76,
2435,2527.2,
2436,2569.58,
2437,2647.7,
2438,2676.57,
2439,2627.44,
2440,2611.35,
2441,2589.35,
2442,2555.81,
2443,2424.5,
2444,2285.1,
2445,0,
2446,0,
2447,0,
2448,0,
2449,0,
2450,0,
2451,0,
2452,0,
2453,0,
2454,0,
2455,0,
2456,0,
2457,1201.1,
2458,1024.22,
2459,1173.97,
2460,1532.09,
2461,1597.19,
2462,1554.35,
2463,1578.21,
2464,1563.91,
2465,1516.05,
2466,1298.16,
2467,1094.92,
2468,1116.02,
2469,0,
2470,0,
2471,0,
2472,0,
2473,0,
2474,0,
2475,0,
2476,0,
2477,0,
2478,0,
2479,0,
2480,0,
2481,853.76,
2482,675.24,
2483,797.4,
2484,943.84,
2485,1077.77,
2486,1118.08,
2487,1120.88,
2488,1098.5,
2489,1015.31,
2490,880.24,
2491,746.21,
2492,684.01,
2493,0,
2494,0,
2495,0,
2496,0,
2497,0,
2498,0,
2499,0,
2500,0,
2501,0,
2502,0,
2503,0,
2504,0,
2505,1054.32,
2506,458.91,
2507,484.24,
2508,502.67,
2509,520.04,
2510,557.83,
2511,564.82,
2512,551.44,
2513,542.5,
2514,500.97,
2515,459.25,
2516,443.31,
2517,0,
2518,0,
2519,0,
2520,0,
2521,0,
2522,0,
2523,0,
2524,0,
2525,0,
2526,0,
2527,0,
2528,0,
2529,1283.99,
2530,1481.86,
2531,900.99,
2532,1058.95,
2533,1225.02,
2534,1058.16,
2535,1342.97,
2536,1524.1,
2537,1606.97,
2538,1523.17,
2539,1182.11,
2540,1006.29,
2541,0,
2542,0,
2543,0,
2544,0,
2545,0,
2546,0,
2547,0,
2548,0,
2549,0,
2550,0,
2551,0,
2552,0,
2553,1140.47,
2554,1114.25,
2555,954.39,
2556,1163.24,
2557,1408.66,
2558,1508.15,
2559,1615.11,
2560,1684.01,
2561,1634.52,
2562,1578.42,
2563,1162.93,
2564,1008.4,
2565,0,
2566,0,
2567,0,
2568,0,
2569,0,
2570,0,
2571,0,
2572,0,
2573,0,
2574,0,
2575,0,
2576,0,
2577,1069.33,
2578,939.97,
2579,683.38,
2580,894.78,
2581,787.63,
2582,746.9,
2583,751.61,
2584,656.65,
2585,471.33,
2586,343.53,
2587,116.42,
2588,66.9,
2589,0,
2590,0,
2591,0,
2592,0,
2593,0,
2594,0,
2595,0,
2596,0,
2597,0,
2598,0,
2599,0,
2600,0,
2601,1.57,
2602,238.87,
2603,7.02,
2604,119.48,
2605,22.45,
2606,107.7,
2607,67.25,
2608,191.38,
2609,225.36,
2610,305.91,
2611,280.43,
2612,296.34,
2613,0,
2614,0,
2615,0,
2616,0,
2617,0,
2618,0,
2619,0,
2620,0,
2621,0,
2622,0,
2623,0,
2624,0,
2625,918.79,
2626,835.93,
2627,616.32,
2628,665.95,
2629,547.29,
2630,638.76,
2631,594.98,
2632,537.17,
2633,442.71,
2634,691.86,
2635,1031.25,
2636,1026.1,
2637,0,
2638,0,
2639,0,
2640,0,
2641,0,
2642,0,
2643,0,
2644,0,
2645,0,
2646,0,
2647,0,
2648,0,
2649,434.17,
2650,110.83,
2651,189.43,
2652,441.9,
2653,451.78,
2654,486.95,
2655,532.27,
2656,493.16,
2657,412.95,
2658,351.17,
2659,175.3,
2660,75.62,
2661,0,
2662,0,
2663,0,
2664,0,
2665,0,
2666,0,
2667,0,
2668,0,
2669,0,
2670,0,
2671,0,
2672,0,
2673,193.57,
2674,327.33,
2675,566.8,
2676,711.71,
2677,829.99,
2678,936.99,
2679,1066.93,
2680,1177.49,
2681,1126.14,
2682,1033.73,
2683,668.19,
2684,538.71,
2685,0,
2686,0,
2687,0,
2688,0,
2689,0,
2690,0,
2691,0,
2692,0,
2693,0,
2694,0,
2695,0,
2696,0,
2697,1062.04,
2698,1443.2,
2699,1463.31,
2700,1733.42,
2701,1797.29,
2702,1308.98,
2703,1098.28,
2704,1101.73,
2705,889.09,
2706,782.55,
2707,618.18,
2708,615.76,
2709,0,
2710,0,
2711,0,
2712,0,
2713,0,
2714,0,
2715,0,
2716,0,
2717,0,
2718,0,
2719,0,
2720,0,
2721,902.26,
2722,990.94,
2723,913.22,
2724,1028.37,
2725,908.65,
2726,760.97,
2727,808.97,
2728,836.84,
2729,869.19,
2730,655.83,
2731,479.63,
2732,447.53,
2733,0,
2734,0,
2735,0,
2736,0,
2737,0,
2738,0,
2739,0,
2740,0,
2741,0,
2742,0,
2743,0,
2744,0,
2745,534.1,
2746,706.37,
2747,532.59,
2748,928.67,
2749,1091.29,
2750,1093.33,
2751,1105.64,
2752,1125.14,
2753,1061.7,
2754,1000.76,
2755,961.71,
2756,996.48,
2757,0,
2758,0,
2759,0,
2760,0,
2761,0,
2762,0,
2763,0,
2764,0,
2765,0,
2766,0,
2767,0,
2768,0,
2769,2268.05,
2770,1784.02,
2771,1608.48,
2772,1667.28,
2773,1678.53,
2774,1910.66,
2775,2190.56,
2776,2166.44,
2777,2043.09,
2778,1976.28,
2779,1815.7,
2780,1772.5,
2781,0,
2782,0,
2783,0,
2784,0,
2785,0,
2786,0,
2787,0,
2788,0,
2789,0,
2790,0,
2791,0,
2792,0,
2793,2391.3,
2794,1763.67,
2795,1804.42,
2796,1884.88,
2797,1931.4,
2798,2003.02,
2799,2075.87,
2800,2032.85,
2801,1812.47,
2802,1672.24,
2803,1553.93,
2804,1417.8,
2805,0,
2806,0,
2807,0,
2808,0,
2809,0,
2810,0,
2811,0,
2812,0,
2813,0,
2814,0,
2815,0,
2816,0,
2817,568.38,
2818,680.18,
2819,775.28,
2820,847.66,
2821,901.77,
2822,986.87,
2823,1116.94,
2824,1214.94,
2825,1249.81,
2826,1156.06,
2827,785.89,
2828,622.33,
2829,0,
2830,0,
2831,0,
2832,0,
2833,0,
2834,0,
2835,0,
2836,0,
2837,0,
2838,0,
2839,0,
2840,0,
2841,363.34,
2842,434.41,
2843,643.94,
2844,809.77,
2845,952.31,
2846,1055.91,
2847,1088.79,
2848,1057.85,
2849,897.38,
2850,759.46,
2851,571.34,
2852,471.38,
2853,0,
2854,0,
2855,0,
2856,0,
2857,0,
2858,0,
2859,0,
2860,0,
2861,0,
2862,0,
2863,0,
2864,0,
2865,861.11,
2866,1099.81,
2867,745.99,
2868,973.8,
2869,821.48,
2870,886.47,
2871,795.83,
2872,852.21,
2873,888.04,
2874,869.1,
2875,875.95,
2876,974.67,
2877,0,
2878,0,
2879,0,
2880,0,
2881,0,
2882,0,
2883,0,
2884,0,
2885,0,
2886,0,
2887,0,
2888,0,
2889,1990.66,
2890,2255.33,
2891,2315.06,
2892,2158.37,
2893,2325.53,
2894,2510.62,
2895,2543.88,
2896,2283.86,
2897,2013.62,
2898,1964.52,
2899,1927.88,
2900,2016.17,
2901,0,
2902,0,
2903,0,
2904,0,
2905,0,
2906,0,
2907,0,
2908,0,
2909,0,
2910,0,
2911,0,
2912,0,
2913,3470.12,
2914,3098.5,
2915,3054.17,
2916,3152.14,
2917,3396.87,
2918,3363.83,
2919,3250.18,
2920,3434.99,
2921,3369.56,
2922,3025.71,
2923,2715.28,
2924,2660.69,
2925,0,
2926,0,
2927,0,
2928,0,
2929,0,
2930,0,
2931,0,
2932,0,
2933,0,
2934,0,
2935,0,
2936,0,
2937,2336.21,
2938,2688.88,
2939,2616,
2940,2448.94,
2941,2516.89,
2942,2540.51,
2943,2597.43,
2944,2632.34,
2945,2469.23,
2946,2234.96,
2947,2126.12,
2948,2232.26,
2949,0,
2950,0,
2951,0,
2952,0,
2953,0,
2954,0,
2955,0,
2956,0,
2957,0,
2958,0,
2959,0,
2960,0,
2961,1964.78,
2962,2290.41,
2963,2279.49,
2964,2338.19,
2965,2288.74,
2966,2348.15,
2967,2447.03,
2968,2513.54,
2969,2438.82,
2970,2368.48,
2971,2293.84,
2972,2506.24,
2973,0,
2974,0,
2975,0,
2976,0,
2977,0,
2978,0,
2979,0,
2980,0,
2981,0,
2982,0,
2983,0,
2984,0,
2985,1759.68,
2986,1202.25,
2987,1139.24,
2988,1231.06,
2989,1247.36,
2990,1292.23,
2991,1333.82,
2992,1318.33,
2993,1278.55,
2994,1194.28,
2995,1081.1,
2996,1016.15,
2997,0,
2998,0,
2999,0,
3000,0,
3001,0,
3002,0,
3003,0,
3004,0,
3005,0,
3006,0,
3007,0,
3008,0,
3009,1454.55,
3010,1509.11,
3011,1339.05,
3012,1411.99,
3013,1503.53,
3014,1501.14,
3015,1488.13,
3016,1424.93,
3017,1313.66,
3018,1160.03,
3019,923.78,
3020,797.87,
3021,0,
3022,0,
3023,0,
3024,0,
3025,0,
3026,0,
3027,0,
3028,0,
3029,0,
3030,0,
3031,0,
3032,0,
3033,990.25,
3034,1723.72,
3035,1697.62,
3036,1825.8,
3037,1890.23,
3038,2051.09,
3039,2179.41,
3040,2182.2,
3041,2202.82,
3042,2114.1,
3043,1737.84,
3044,1615.08,
3045,0,
3046,0,
3047,0,
3048,0,
3049,0,
3050,0,
3051,0,
3052,0,
3053,0,
3054,0,
3055,0,
3056,0,
3057,1788.92,
3058,2053.39,
3059,1948.49,
3060,2059.23,
3061,2171.96,
3062,2274.85,
3063,2526.81,
3064,2742.7,
3065,2614.93,
3066,2145.83,
3067,1931.09,
3068,2002.04,
3069,0,
3070,0,
3071,0,
3072,0,
3073,0,
3074,0,
3075,0,
3076,0,
3077,0,
3078,0,
3079,0,
3080,0,
3081,1247.12,
3082,980.67,
3083,711.74,
3084,1168.56,
3085,1434.66,
3086,1631.36,
3087,1916.38,
3088,1973.13,
3089,2053.01,
3090,1905.61,
3091,1589.12,
3092,1553,
3093,0,
3094,0,
3095,0,
3096,0,
3097,0,
3098,0,
3099,0,
3100,0,
3101,0,
3102,0,
3103,0,
3104,0,
3105,1309.45,
3106,1989.93,
3107,1963.76,
3108,1939,
3109,1886.22,
3110,2175.27,
3111,1868.1,
3112,1801.24,
3113,1940.41,
3114,2025.14,
3115,1638.68,
3116,1595.07,
3117,0,
3118,0,
3119,0,
3120,0,
3121,0,
3122,0,
3123,0,
3124,0,
3125,0,
3126,0,
3127,0,
3128,0,
3129,2033.52,
3130,1978.19,
3131,1851.46,
3132,2015.86,
3133,2190.32,
3134,2344.7,
3135,2406.94,
3136,2353.87,
3137,2260.02,
3138,2185.51,
3139,1963.29,
3140,1768.75,
3141,0,
3142,0,
3143,0,
3144,0,
3145,0,
3146,0,
3147,0,
3148,0,
3149,0,
3150,0,
3151,0,
3152,0,
3153,895.79,
3154,1408.82,
3155,1240.74,
3156,1252.3,
3157,1053.44,
3158,851.15,
3159,704.94,
3160,592.83,
3161,573.19,
3162,532.02,
3163,365.13,
3164,272.92,
3165,0,
3166,0,
3167,0,
3168,0,
3169,0,
3170,0,
3171,0,
3172,0,
3173,0,
3174,0,
3175,0,
3176,0,
3177,193.06,
3178,641.73,
3179,809.39,
3180,528.82,
3181,894.61,
3182,1060.14,
3183,1200.12,
3184,1291.52,
3185,1310.55,
3186,1422.22,
3187,1088.61,
3188,936.21,
3189,0,
3190,0,
3191,0,
3192,0,
3193,0,
3194,0,
3195,0,
3196,0,
3197,0,
3198,0,
3199,0,
3200,0,
3201,2231.61,
3202,2100.17,
3203,2106.59,
3204,2131.55,
3205,2197.52,
3206,2281.72,
3207,2213.68,
3208,2082.18,
3209,1971.7,
3210,1884.67,
3211,1780.17,
3212,1539.53,
3213,0,
3214,0,
3215,0,
3216,0,
3217,0,
3218,0,
3219,0,
3220,0,
3221,0,
3222,0,
3223,0,
3224,0,
3225,1873.06,
3226,2713.56,
3227,2776.33,
3228,2369.97,
3229,2317.08,
3230,2458.02,
3231,2534.53,
3232,2415.99,
3233,2303.42,
3234,2241.14,
3235,1884.39,
3236,1693.72,
3237,0,
3238,0,
3239,0,
3240,0,
3241,0,
3242,0,
3243,0,
3244,0,
3245,0,
3246,0,
3247,0,
3248,0,
3249,2078.76,
3250,2471.85,
3251,2386.2,
3252,2548.72,
3253,2778.92,
3254,2893.02,
3255,2900.54,
3256,2800.25,
3257,2653.67,
3258,2483.81,
3259,2319.62,
3260,2215.51,
3261,0,
3262,0,
3263,0,
3264,0,
3265,0,
3266,0,
3267,0,
3268,0,
3269,0,
3270,0,
3271,0,
3272,0,
3273,1709.34,
3274,1919.63,
3275,1911.46,
3276,2051.87,
3277,2086.31,
3278,1954.52,
3279,1862.98,
3280,1850.25,
3281,1727.94,
3282,1556.76,
3283,1326.38,
3284,1236.53,
3285,0,
3286,0,
3287,0,
3288,0,
3289,0,
3290,0,
3291,0,
3292,0,
3293,0,
3294,0,
3295,0,
3296,0,
3297,900.5,
3298,1592.82,
3299,1628.77,
3300,1869.49,
3301,2056.95,
3302,2180.55,
3303,2207.6,
3304,2231.83,
3305,2264.76,
3306,2077.56,
3307,1788.9,
3308,1665.43,
3309,0,
3310,0,
3311,0,
3312,0,
3313,0,
3314,0,
3315,0,
3316,0,
3317,0,
3318,0,
3319,0,
3320,0,
3321,1202.37,
3322,1143.7,
3323,1204.19,
3324,1361.74,
3325,1508.89,
3326,1588.3,
3327,1545.12,
3328,1477.46,
3329,1318.53,
3330,1161.76,
3331,1016.36,
3332,976.56,
3333,0,
3334,0,
3335,0,
3336,0,
3337,0,
3338,0,
3339,0,
3340,0,
3341,0,
3342,0,
3343,0,
3344,0,
3345,1495.81,
3346,1926.49,
3347,1486.12,
3348,1558.85,
3349,1413.43,
3350,1570.86,
3351,1762.13,
3352,1835.33,
3353,1894.83,
3354,1949.38,
3355,1512.55,
3356,1353.49,
3357,0,
3358,0,
3359,0,
3360,0,
3361,0,
3362,0,
3363,0,
3364,0,
3365,0,
3366,0,
3367,0,
3368,0,
3369,1534.64,
3370,2498.58,
3371,2541.89,
3372,2801.94,
3373,2927.4,
3374,2992,
3375,3184.54,
3376,3144.34,
3377,2902.73,
3378,2678.29,
3379,2544.95,
3380,2534.28,
3381,0,
3382,0,
3383,0,
3384,0,
3385,0,
3386,0,
3387,0,
3388,0,
3389,0,
3390,0,
3391,0,
3392,0,
3393,2421.92,
3394,2694.95,
3395,2618.94,
3396,2810.41,
3397,3027.71,
3398,3154.11,
3399,3197.29,
3400,2964.41,
3401,3185.58,
3402,3477.5,
3403,3257.88,
3404,2676.24,
3405,0,
3406,0,
3407,0,
3408,0,
3409,0,
3410,0,
3411,0,
3412,0,
3413,0,
3414,0,
3415,0,
3416,0,
3417,2027.88,
3418,3195.11,
3419,3071.35,
3420,3190.24,
3421,3294.32,
3422,3449.36,
3423,3605.94,
3424,3845.26,
3425,3813.61,
3426,3539.51,
3427,3185.74,
3428,3233.2,
3429,0,
3430,0,
3431,0,
3432,0,
3433,0,
3434,0,
3435,0,
3436,0,
3437,0,
3438,0,
3439,0,
3440,0,
3441,3583.38,
3442,3833.64,
3443,3701.61,
3444,3510.84,
3445,3565.42,
3446,3843.97,
3447,3809.14,
3448,3674.55,
3449,3459.05,
3450,3219.83,
3451,3008.3,
3452,2852.87,
3453,0,
3454,0,
3455,0,
3456,0,
3457,0,
3458,0,
3459,0,
3460,0,
3461,0,
3462,0,
3463,0,
3464,0,
3465,2047.75,
3466,2893.09,
3467,2591.93,
3468,2805.21,
3469,2988.57,
3470,3155.98,
3471,3278.78,
3472,3340.63,
3473,3327.93,
3474,3240.47,
3475,2818.13,
3476,2673.81,
3477,0,
3478,0,
3479,0,
3480,0,
3481,0,
3482,0,
3483,0,
3484,0,
3485,0,
3486,0,
3487,0,
3488,0,
3489,1299.28,
3490,1644.2,
3491,1587.15,
3492,1685.71,
3493,1620.66,
3494,1530.26,
3495,1563.36,
3496,1557.2,
3497,1564.76,
3498,1567.29,
3499,1429.27,
3500,1368.43,
3501,0,
3502,0,
3503,0,
3504,0,
3505,0,
3506,0,
3507,0,
3508,0,
3509,0,
3510,0,
3511,0,
3512,0,
3513,2143.79,
3514,1640.43,
3515,1433.47,
3516,1499.51,
3517,1683.83,
3518,1775.68,
3519,1765.36,
3520,1716.33,
3521,1711.91,
3522,1605.23,
3523,1498.66,
3524,1457.3,
3525,0,
3526,0,
3527,0,
3528,0,
3529,0,
3530,0,
3531,0,
3532,0,
3533,0,
3534,0,
3535,0,
3536,0,
3537,3389.39,
3538,4143.82,
3539,3789.18,
3540,3255.29,
3541,3103.65,
3542,3253.35,
3543,3052.72,
3544,3003.61,
3545,3022.18,
3546,2848.13,
3547,2508.48,
3548,2299.36,
3549,0,
3550,0,
3551,0,
3552,0,
3553,0,
3554,0,
3555,0,
3556,0,
3557,0,
3558,0,
3559,0,
3560,0,
3561,1478.93,
3562,2861.62,
3563,2641.23,
3564,2744.56,
3565,2966.34,
3566,3251.02,
3567,3444.88,
3568,3440.69,
3569,3485.41,
3570,3542.29,
3571,3187.97,
3572,3096.03,
3573,0,
3574,0,
3575,0,
3576,0,
3577,0,
3578,0,
3579,0,
3580,0,
3581,0,
3582,0,
3583,0,
3584,0,
3585,3416.79,
3586,3633.26,
3587,3591.57,
3588,3806.74,
3589,4015.04,
3590,3935.47,
3591,3944.09,
3592,4015.9,
3593,3794.54,
3594,3568.93,
3595,3233.26,
3596,2879.78,
3597,0,
3598,0,
3599,0,
3600,0,
3601,0,
3602,0,
3603,0,
3604,0,
3605,0,
3606,0,
3607,0,
3608,0,
3609,2144.97,
3610,3264.06,
3611,2911.47,
3612,3062.3,
3613,3201.27,
3614,3257.53,
3615,3326.65,
3616,3271.69,
3617,3098.36,
3618,3049.37,
3619,2939.58,
3620,2890.11,
3621,0,
3622,0,
3623,0,
3624,0,
3625,0,
3626,0,
3627,0,
3628,0,
3629,0,
3630,0,
3631,0,
3632,0,
3633,2150.26,
3634,3068.42,
3635,2652.88,
3636,2658.21,
3637,2813.5,
3638,3162.61,
3639,3386.28,
3640,3485.41,
3641,3529.11,
3642,3294.73,
3643,2848.77,
3644,2833.29,
3645,0,
3646,0,
3647,0,
3648,0,
3649,0,
3650,0,
3651,0,
3652,0,
3653,0,
3654,0,
3655,0,
3656,0,
3657,2157.46,
3658,1882.15,
3659,1708.57,
3660,1738.36,
3661,1803.22,
3662,1871.34,
3663,1893,
3664,1898.34,
3665,1819.44,
3666,1664.49,
3667,1542.23,
3668,1502.83,
3669,0,
3670,0,
3671,0,
3672,0,
3673,0,
3674,0,
3675,0,
3676,0,
3677,0,
3678,0,
3679,0,
3680,0,
3681,2130.3,
3682,1532.15,
3683,1351.58,
3684,1315.88,
3685,1348.29,
3686,1344.26,
3687,1294.29,
3688,1282.67,
3689,1242.86,
3690,1188.13,
3691,1189.01,
3692,1180.69,
3693,0,
3694,0,
3695,0,
3696,0,
3697,0,
3698,0,
3699,0,
3700,0,
3701,0,
3702,0,
3703,0,
3704,0,
3705,2827.53,
3706,2519.65,
3707,2458.49,
3708,2492.59,
3709,2351.07,
3710,2461.52,
3711,2801.38,
3712,2780.66,
3713,2532.11,
3714,2523.25,
3715,2469.04,
3716,2333.08,
3717,0,
3718,0,
3719,0,
3720,0,
3721,0,
3722,0,
3723,0,
3724,0,
3725,0,
3726,0,
3727,0,
3728,0,
3729,3178.53,
3730,2735.92,
3731,2845.3,
3732,2825.36,
3733,2903.66,
3734,3021.34,
3735,2765.41,
3736,2611.79,
3737,2595.57,
3738,2546.02,
3739,2420.31,
3740,2426.97,
3741,0,
3742,0,
3743,0,
3744,0,
3745,0,
3746,0,
3747,0,
3748,0,
3749,0,
3750,0,
3751,0,
3752,0,
3753,2407.63,
3754,2261.8,
3755,2325.82,
3756,2339.37,
3757,2448.91,
3758,2523.39,
3759,2547.9,
3760,2220.51,
3761,1718.66,
3762,1518.81,
3763,1478.89,
3764,1429.63,
3765,0,
3766,0,
3767,0,
3768,0,
3769,0,
3770,0,
3771,0,
3772,0,
3773,0,
3774,0,
3775,0,
3776,0,
3777,2365.32,
3778,2296.99,
3779,2183.69,
3780,2062.08,
3781,2214.28,
3782,2458.24,
3783,2579.93,
3784,2645.18,
3785,2630.71,
3786,2378.79,
3787,2167.16,
3788,2304.77,
3789,0,
3790,0,
3791,0,
3792,0,
3793,0,
3794,0,
3795,0,
3796,0,
3797,0,
3798,0,
3799,0,
3800,0,
3801,2113.8,
3802,1621.05,
3803,1639.63,
3804,1574.17,
3805,1679.67,
3806,1930.18,
3807,2117.7,
3808,2437.2,
3809,2436.73,
3810,2560.1,
3811,2497.95,
3812,2269.63,
3813,0,
3814,0,
3815,0,
3816,0,
3817,0,
3818,0,
3819,0,
3820,0,
3821,0,
3822,0,
3823,0,
3824,0,
3825,1190.58,
3826,1599.63,
3827,1462.49,
3828,1471.47,
3829,1506.62,
3830,1628.75,
3831,1725.42,
3832,1779.82,
3833,1826.51,
3834,1802.26,
3835,1636.85,
3836,1289.59,
3837,0,
3838,0,
3839,0,
3840,0,
3841,0,
3842,0,
3843,0,
3844,0,
3845,0,
3846,0,
3847,0,
3848,0,
3849,1695.64,
3850,1854.25,
3851,1739.13,
3852,1785.88,
3853,1795.76,
3854,1822.72,
3855,1884.17,
3856,1849.98,
3857,1840.8,
3858,1769.32,
3859,1547.93,
3860,1218.27,
3861,0,
3862,0,
3863,0,
3864,0,
3865,0,
3866,0,
3867,0,
3868,0,
3869,0,
3870,0,
3871,0,
3872,0,
3873,2092.66,
3874,2889.71,
3875,2697.23,
3876,2752.65,
3877,2757.23,
3878,2849.9,
3879,2901.44,
3880,2922.39,
3881,2941.99,
3882,2902.44,
3883,2814.9,
3884,2603.53,
3885,0,
3886,0,
3887,0,
3888,0,
3889,0,
3890,0,
3891,0,
3892,0,
3893,0,
3894,0,
3895,0,
3896,0,
3897,3195.08,
3898,3533.74,
3899,3507.12,
3900,3755.58,
3901,3770.12,
3902,3437.04,
3903,3232.92,
3904,3271.42,
3905,3323.6,
3906,3200.77,
3907,3063.93,
3908,3038.83,
3909,0,
3910,0,
3911,0,
3912,0,
3913,0,
3914,0,
3915,0,
3916,0,
3917,0,
3918,0,
3919,0,
3920,0,
3921,3574.1,
3922,4276.03,
3923,3866.41,
3924,3912.59,
3925,3853.61,
3926,3802.01,
3927,3884.62,
3928,4030.42,
3929,4113.69,
3930,4172.22,
3931,4032.28,
3932,3642.91,
3933,0,
3934,0,
3935,0,
3936,0,
3937,0,
3938,0,
3939,0,
3940,0,
3941,0,
3942,0,
3943,0,
3944,0,
3945,2712.26,
3946,3454.36,
3947,2992.39,
3948,3014.23,
3949,3110.19,
3950,3125.58,
3951,2840.72,
3952,2739.85,
3953,2901.25,
3954,2895.07,
3955,2657.42,
3956,2154.14,
3957,0,
3958,0,
3959,0,
3960,0,
3961,0,
3962,0,
3963,0,
3964,0,
3965,0,
3966,0,
3967,0,
3968,0,
3969,1202.65,
3970,2418.02,
3971,2353.6,
3972,2526.63,
3973,2652.83,
3974,2796.2,
3975,2863.59,
3976,3072.73,
3977,3153.56,
3978,3011.56,
3979,2869.53,
3980,2757.34,
3981,0,
3982,0,
3983,0,
3984,0,
3985,0,
3986,0,
3987,0,
3988,0,
3989,0,
3990,0,
3991,0,
3992,0,
3993,1930.09,
3994,1963.71,
3995,1740,
3996,1830.67,
3997,2002.12,
3998,2003.75,
3999,1968.53,
4000,1859.4,
4001,1720.38,
4002,1527.01,
4003,1400.65,
4004,1412.19,
4005,0,
4006,0,
4007,0,
4008,0,
4009,0,
4010,0,
4011,0,
4012,0,
4013,0,
4014,0,
4015,0,
4016,0,
4017,1713,
4018,1701.58,
4019,1638.87,
4020,1613.69,
4021,1766.28,
4022,1801.27,
4023,1571.23,
4024,1435.51,
4025,1441.63,
4026,1316.04,
4027,1207.15,
4028,1151.23,
4029,0,
4030,0,
4031,0,
4032,0,
4033,0,
4034,0,
4035,0,
4036,0,
4037,0,
4038,0,
4039,0,
4040,0,
4041,3916.89,
4042,3887.16,
4043,3904.63,
4044,3858.04,
4045,3764.8,
4046,3822.73,
4047,3817.65,
4048,3872.76,
4049,4087.77,
4050,4099.85,
4051,3942.8,
4052,3830.24,
4053,0,
4054,0,
4055,0,
4056,0,
4057,35.15,
4058,20.82,
4059,59.83,
4060,34.79,
4061,82.26,
4062,11.09,
4063,63.57,
4064,76.42,
4065,4816.07,
4066,4427.58,
4067,4422.83,
4068,4463.61,
4069,4382.19,
4070,4287.89,
4071,4165.72,
4072,4028.78,
4073,3992.83,
4074,4028.54,
4075,4081.3,
4076,4075.9,
4077,0,
4078,0,
4079,0,
4080,0,
4081,0,
4082,0,
4083,0,
4084,0,
4085,0,
4086,0,
4087,0,
4088,0,
4089,3778.85,
4090,3959.19,
4091,3654.2,
4092,3439.11,
4093,3574.61,
4094,3728.78,
4095,3464.17,
4096,3461.22,
4097,3483.66,
4098,3509.51,
4099,3281.78,
4100,2801.83,
4101,0,
4102,0,
4103,0,
4104,0,
4105,0,
4106,0,
4107,0,
4108,0,
4109,0,
4110,0,
4111,0,
4112,0,
4113,2830.03,
4114,3862.34,
4115,3596.18,
4116,3742.08,
4117,3830.53,
4118,3883.74,
4119,4031.8,
4120,4213.19,
4121,4286.88,
4122,4120.83,
4123,3799.05,
4124,3401.44,
4125,0,
4126,0,
4127,0,
4128,0,
4129,0,
4130,0,
4131,0,
4132,0,
4133,0,
4134,0,
4135,0,
4136,0,
4137,2923.63,
4138,4240.68,
4139,3623.71,
4140,3581.75,
4141,3673.8,
4142,3775.59,
4143,3924.86,
4144,4066.94,
4145,4133.65,
4146,4174.25,
4147,4101.9,
4148,3895.67,
4149,0,
4150,0,
4151,0,
4152,0,
4153,0,
4154,0,
4155,0,
4156,0,
4157,0,
4158,0,
4159,0,
4160,0,
4161,2290.84,
4162,2573.71,
4163,2190.11,
4164,2202.51,
4165,2221.2,
4166,2317.19,
4167,2405.17,
4168,2413.01,
4169,2409.61,
4170,2263.73,
4171,2064.69,
4172,1714.78,
4173,0,
4174,0,
4175,0,
4176,0,
4177,0,
4178,0,
4179,0,
4180,0,
4181,0,
4182,0,
4183,0,
4184,0,
4185,1600.09,
4186,2618.58,
4187,2186.82,
4188,2009.53,
4189,1933.19,
4190,1975.35,
4191,2146.67,
4192,2235.67,
4193,2150.35,
4194,2207,
4195,2074.94,
4196,1731.49,
4197,0,
4198,0,
4199,0,
4200,0,
4201,0,
4202,0,
4203,0,
4204,0,
4205,0,
4206,0,
4207,0,
4208,0,
4209,4122.09,
4210,4429.84,
4211,4149.69,
4212,4279.35,
4213,4297.22,
4214,4191.93,
4215,4142.36,
4216,4147.6,
4217,3970.59,
4218,3903.29,
4219,3961.65,
4220,3759.5,
4221,0,
4222,0,
4223,0,
4224,0,
4225,0,
4226,0,
4227,0,
4228,0,
4229,0,
4230,0,
4231,0,
4232,0,
4233,3370.79,
4234,3187.66,
4235,3059,
4236,3176.15,
4237,3098.63,
4238,2966.97,
4239,2889.75,
4240,2803.79,
4241,2762.19,
4242,2810.81,
4243,2474.05,
4244,2270.96,
4245,0,
4246,0,
4247,0,
4248,0,
4249,0,
4250,0,
4251,0,
4252,0,
4253,0,
4254,0,
4255,0,
4256,0,
4257,3103.6,
4258,2716.76,
4259,2142.81,
4260,2171.42,
4261,2457.57,
4262,2709.03,
4263,2859.28,
4264,2997.78,
4265,2995.82,
4266,2857.53,
4267,2999.36,
4268,2652.74,
4269,0,
4270,0,
4271,0,
4272,0,
4273,0,
4274,0,
4275,0,
4276,0,
4277,0,
4278,0,
4279,0,
4280,0,
4281,2669.66,
4282,2952.94,
4283,2771.08,
4284,2802.92,
4285,2785.08,
4286,2681.27,
4287,2663.42,
4288,2626.87,
4289,2380.14,
4290,2101.83,
4291,2160.1,
4292,2202.34,
4293,0,
4294,0,
4295,0,
4296,0,
4297,0,
4298,0,
4299,0,
4300,0,
4301,0,
4302,0,
4303,0,
4304,0,
4305,2186.74,
4306,2489.29,
4307,2344.9,
4308,2440.98,
4309,2558.17,
4310,2464.2,
4311,2683.66,
4312,2910.66,
4313,3013.65,
4314,3086.76,
4315,2767.93,
4316,2277.51,
4317,0,
4318,0,
4319,0,
4320,0,
4321,0,
4322,0,
4323,0,
4324,0,
4325,0,
4326,0,
4327,0,
4328,0,
4329,1847.86,
4330,1790.9,
4331,1549.41,
4332,1762.87,
4333,1917.83,
4334,1813.18,
4335,2020.99,
4336,1961.26,
4337,1744.32,
4338,1530.12,
4339,1422.21,
4340,1341.64,
4341,0,
4342,0,
4343,0,
4344,0,
4345,0,
4346,0,
4347,0,
4348,0,
4349,0,
4350,0,
4351,0,
4352,0,
4353,1566.5,
4354,1955.82,
4355,1712.9,
4356,1717.78,
4357,1747.23,
4358,1834.31,
4359,1918.41,
4360,1974.17,
4361,1982.58,
4362,1922.06,
4363,1747.64,
4364,1439.79,
4365,0,
4366,0,
4367,0,
4368,0,
4369,0,
4370,0,
4371,0,
4372,0,
4373,0,
4374,0,
4375,0,
4376,0,
4377,2228.3,
4378,3555.34,
4379,3157.15,
4380,3356.88,
4381,3490.28,
4382,3630.97,
4383,3807.85,
4384,3791.21,
4385,3649.8,
4386,3494.81,
4387,3415.52,
4388,3035.36,
4389,0,
4390,0,
4391,0,
4392,0,
4393,0,
4394,0,
4395,0,
4396,0,
4397,0,
4398,0,
4399,0,
4400,0,
4401,3288.69,
4402,4081.65,
4403,3741.27,
4404,3968.09,
4405,4159.09,
4406,4663.52,
4407,4934.16,
4408,4770.28,
4409,4660.41,
4410,4507.83,
4411,4339.84,
4412,4041.28,
4413,0,
4414,0,
4415,0,
4416,0,
4417,0,
4418,0,
4419,0,
4420,0,
4421,0,
4422,0,
4423,0,
4424,0,
4425,2743.46,
4426,3739.2,
4427,3231.68,
4428,2851.87,
4429,3073.64,
4430,3320.37,
4431,3738.09,
4432,3697.67,
4433,3051.68,
4434,2768.39,
4435,2575.85,
4436,2451.46,
4437,0,
4438,0,
4439,0,
4440,0,
4441,0,
4442,0,
4443,0,
4444,0,
4445,0,
4446,0,
4447,0,
4448,0,
4449,2569.59,
4450,3221.63,
4451,3176.38,
4452,3443.96,
4453,3510.19,
4454,3831.14,
4455,3781.82,
4456,3503.93,
4457,3312.32,
4458,2685.4,
4459,2933.84,
4460,3150.87,
4461,0,
4462,0,
4463,0,
4464,0,
4465,0,
4466,0,
4467,0,
4468,0,
4469,0,
4470,0,
4471,0,
4472,0,
4473,3221.99,
4474,3811.65,
4475,3509.97,
4476,3416.88,
4477,3473.39,
4478,3688.98,
4479,3705.49,
4480,3762.92,
4481,3925.28,
4482,3725.16,
4483,3544.69,
4484,3226.05,
4485,0,
4486,0,
4487,0,
4488,0,
4489,0,
4490,0,
4491,0,
4492,0,
4493,0,
4494,0,
4495,0,
4496,0,
4497,2399.25,
4498,2167.69,
4499,1867.57,
4500,1954.88,
4501,2036.76,
4502,2124.43,
4503,2076.75,
4504,2239.89,
4505,1972.45,
4506,1972.6,
4507,1902.88,
4508,1643.87,
4509,0,
4510,0,
4511,0,
4512,0,
4513,0,
4514,0,
4515,0,
4516,0,
4517,0,
4518,0,
4519,0,
4520,0,
4521,1713.8,
4522,1948.38,
4523,1833.23,
4524,1912.91,
4525,1823.08,
4526,2067.63,
4527,2225.65,
4528,1827.64,
4529,1711.11,
4530,1809.31,
4531,1848.48,
4532,1689.97,
4533,0,
4534,0,
4535,0,
4536,0,
4537,0,
4538,0,
4539,0,
4540,0,
4541,0,
4542,0,
4543,0,
4544,0,
4545,4161.82,
4546,4848.66,
4547,4851.13,
4548,4872.91,
4549,4664.11,
4550,4443.71,
4551,4622.29,
4552,4797.1,
4553,4712.14,
4554,4693.94,
4555,4593.9,
4556,4304.64,
4557,0,
4558,0,
4559,0,
4560,0,
4561,0,
4562,0,
4563,0,
4564,0,
4565,0,
4566,0,
4567,0,
4568,0,
4569,4352.6,
4570,4760.93,
4571,4147.56,
4572,4456.08,
4573,4743.97,
4574,4652.17,
4575,4681.91,
4576,4735.26,
4577,4527.12,
4578,3916.99,
4579,3695.88,
4580,3927.86,
4581,0,
4582,0,
4583,0,
4584,0,
4585,0,
4586,0,
4587,0,
4588,0,
4589,0,
4590,0,
4591,0,
4592,0,
4593,3531.78,
4594,4532.36,
4595,4274.31,
4596,4361.71,
4597,4441.07,
4598,4528.9,
4599,4670.91,
4600,4855.46,
4601,4958.81,
4602,4776.13,
4603,4395.55,
4604,4044.25,
4605,0,
4606,0,
4607,0,
4608,0,
4609,0,
4610,0,
4611,0,
4612,0,
4613,0,
4614,0,
4615,0,
4616,0,
4617,4033.41,
4618,4062.92,
4619,3253.77,
4620,3302.53,
4621,3568.66,
4622,3854.15,
4623,4431.85,
4624,4701.91,
4625,4542.61,
4626,4472.54,
4627,4256.34,
4628,3956.89,
4629,0,
4630,0,
4631,0,
4632,0,
4633,0,
4634,0,
4635,0,
4636,0,
4637,0,
4638,0,
4639,0,
4640,0,
4641,3686.23,
4642,3891.29,
4643,3116.18,
4644,3364.06,
4645,3773.75,
4646,3808.64,
4647,3960.25,
4648,4295.92,
4649,4464.15,
4650,4343.84,
4651,3881.99,
4652,3446.67,
4653,0,
4654,0,
4655,0,
4656,0,
4657,0,
4658,0,
4659,0,
4660,0,
4661,0,
4662,0,
4663,0,
4664,0,
4665,1453.01,
4666,1617.44,
4667,1395.01,
4668,1399.8,
4669,1457.22,
4670,1476.12,
4671,1499.95,
4672,1546.69,
4673,1510.85,
4674,1427.8,
4675,1301.22,
4676,1124.46,
4677,0,
4678,0,
4679,0,
4680,0,
4681,0,
4682,0,
4683,0,
4684,0,
4685,0,
4686,0,
4687,0,
4688,0,
4689,1664.55,
4690,1386.99,
4691,1335.49,
4692,1489.92,
4693,1574.92,
4694,1647.34,
4695,1705.22,
4696,1773.68,
4697,1781.91,
4698,1622.57,
4699,1452.35,
4700,1173.91,
4701,0,
4702,0,
4703,0,
4704,0,
4705,0,
4706,0,
4707,0,
4708,0,
4709,0,
4710,0,
4711,0,
4712,0,
4713,1844.51,
4714,2647.74,
4715,2465.94,
4716,2559.72,
4717,2663.39,
4718,2755.03,
4719,2894.32,
4720,3059.26,
4721,3039.54,
4722,2921.37,
4723,2635.08,
4724,2117.83,
4725,0,
4726,0,
4727,0,
4728,0,
4729,0,
4730,0,
4731,0,
4732,0,
4733,0,
4734,0,
4735,0,
4736,0,
4737,2255.17,
4738,2767.72,
4739,2677.73,
4740,2696.75,
4741,2747.82,
4742,3079.78,
4743,3309.82,
4744,2927.63,
4745,2791.71,
4746,2639.98,
4747,2491.15,
4748,2259.31,
4749,0,
4750,0,
4751,0,
4752,0,
4753,0,
4754,0,
4755,0,
4756,0,
4757,0,
4758,0,
4759,0,
4760,0,
4761,1914.61,
4762,3026.21,
4763,2997.08,
4764,3125.17,
4765,3189.05,
4766,3397.55,
4767,3766.2,
4768,3849.49,
4769,3774.92,
4770,3587.16,
4771,3462.64,
4772,3173.75,
4773,0,
4774,0,
4775,0,
4776,0,
4777,0,
4778,0,
4779,0,
4780,0,
4781,0,
4782,0,
4783,0,
4784,0,
4785,4429.78,
4786,4953.36,
4787,4786.39,
4788,4790.51,
4789,4754.82,
4790,4607.18,
4791,4681.98,
4792,4907.23,
4793,4830.58,
4794,4679.57,
4795,4510.67,
4796,4126.01,
4797,0,
4798,0,
4799,0,
4800,0,
4801,0,
4802,0,
4803,0,
4804,0,
4805,0,
4806,0,
4807,0,
4808,0,
4809,3615.58,
4810,3850.99,
4811,3614.17,
4812,3553.73,
4813,3703.74,
4814,3828.43,
4815,3637.37,
4816,3682.36,
4817,3846.67,
4818,3747.3,
4819,3640.6,
4820,3638.26,
4821,0,
4822,0,
4823,0,
4824,0,
4825,0,
4826,0,
4827,0,
4828,0,
4829,0,
4830,0,
4831,0,
4832,0,
4833,2592.96,
4834,2575.17,
4835,2291.3,
4836,2096.44,
4837,2228.83,
4838,2323.5,
4839,2382.14,
4840,2452.97,
4841,2333.67,
4842,2508.01,
4843,2380.36,
4844,2085.96,
4845,0,
4846,0,
4847,0,
4848,0,
4849,0,
4850,2.29,
4851,18.45,
4852,0,
4853,0,
4854,0,
4855,0,
4856,0,
4857,2759.79,
4858,2937.94,
4859,2508.19,
4860,2557.48,
4861,2580,
4862,2607.61,
4863,2694.04,
4864,2696.9,
4865,2620.58,
4866,2470.59,
4867,2318.84,
4868,1943.67,
4869,0,
4870,0,
4871,0,
4872,0,
4873,0,
4874,0,
4875,0,
4876,0,
4877,0,
4878,0,
4879,0,
4880,0,
4881,2983.19,
4882,4850.6,
4883,4228.94,
4884,4220.87,
4885,4473.22,
4886,4689.33,
4887,4591.73,
4888,4386.23,
4889,4158.21,
4890,3948.3,
4891,3675.54,
4892,3681.3,
4893,0,
4894,0,
4895,0,
4896,0,
4897,0,
4898,0,
4899,0,
4900,0,
4901,0,
4902,0,
4903,0,
4904,0,
4905,2790.77,
4906,4395.18,
4907,3935.18,
4908,3955.89,
4909,3975.7,
4910,3927.59,
4911,3983.25,
4912,3938.68,
4913,3794.56,
4914,3619.35,
4915,3327.76,
4916,3012.89,
4917,0,
4918,0,
4919,0,
4920,0,
4921,0,
4922,0,
4923,0,
4924,0,
4925,0,
4926,0,
4927,0,
4928,0,
4929,1864.46,
4930,3538.13,
4931,3122.3,
4932,3328.27,
4933,3583.28,
4934,3658.87,
4935,3911.05,
4936,3858.47,
4937,3906.47,
4938,3723.02,
4939,3359.99,
4940,2998.13,
4941,0,
4942,0,
4943,0,
4944,0,
4945,0,
4946,0,
4947,0,
4948,0,
4949,0,
4950,0,
4951,0,
4952,0,
4953,2594.44,
4954,3771.4,
4955,3271.77,
4956,3039.98,
4957,2984.56,
4958,3063.5,
4959,3028.71,
4960,3087.92,
4961,3117.18,
4962,3016.03,
4963,2868.75,
4964,2586.01,
4965,0,
4966,0,
4967,0,
4968,0,
4969,0,
4970,0,
4971,0,
4972,0,
4973,0,
4974,0,
4975,0,
4976,0,
4977,1883.16,
4978,3430.71,
4979,3272.93,
4980,3327.47,
4981,3439.3,
4982,3694.11,
4983,3911.9,
4984,4030.62,
4985,3990.8,
4986,3849.08,
4987,3534.65,
4988,3126.21,
4989,0,
4990,0,
4991,0,
4992,0,
4993,0,
4994,0,
4995,0,
4996,0,
4997,0,
4998,0,
4999,0,
5000,0,
5001,2136.34,
5002,2089.61,
5003,1956.85,
5004,2098.98,
5005,2115.11,
5006,2171.41,
5007,2288.88,
5008,2297.44,
5009,2347.09,
5010,2175.03,
5011,1831.25,
5012,1701.8,
5013,0,
5014,0,
5015,0,
5016,0,
5017,0,
5018,0,
5019,0,
5020,0,
5021,0,
5022,0,
5023,0,
5024,0,
5025,2439.61,
5026,2444.54,
5027,2250.38,
5028,2406.16,
5029,2423.68,
5030,2243.56,
5031,2186.39,
5032,2309.37,
5033,2287.51,
5034,2309.92,
5035,2177.16,
5036,1871.09,
5037,0,
5038,0,
5039,0,
5040,0,
5041,0,
5042,0,
5043,0,
5044,0,
5045,0,
5046,0,
5047,0,
5048,0,
5049,2247.13,
5050,3327.58,
5051,2922.73,
5052,2887.55,
5053,3016.63,
5054,3178.84,
5055,3297.85,
5056,3418.64,
5057,3465.51,
5058,3344.84,
5059,3149.68,
5060,2982.77,
5061,0,
5062,0,
5063,0,
5064,0,
5065,0,
5066,0,
5067,0,
5068,0,
5069,0,
5070,0,
5071,0,
5072,0,
5073,2422.98,
5074,3864.51,
5075,3521,
5076,3565.38,
5077,3636.17,
5078,3781.44,
5079,3882.26,
5080,3912.33,
5081,4016,
5082,3978.05,
5083,3776.37,
5084,3535.47,
5085,0,
5086,0,
5087,0,
5088,0,
5089,0,
5090,0,
5091,0,
5092,0,
5093,0,
5094,0,
5095,0,
5096,0,
5097,2160.75,
5098,3538.27,
5099,3152.66,
5100,3318.15,
5101,3396.6,
5102,3447.65,
5103,3352.08,
5104,3321.69,
5105,3367.51,
5106,3345.78,
5107,3273.63,
5108,3148.55,
5109,0,
5110,0,
5111,0,
5112,0,
5113,0,
5114,0,
5115,0,
5116,0,
5117,0,
5118,0,
5119,0,
5120,0,
5121,3461.99,
5122,3910.37,
5123,3517.15,
5124,3509.64,
5125,3604.29,
5126,3737.53,
5127,3744.29,
5128,3778.98,
5129,3669.77,
5130,3637.68,
5131,3678.21,
5132,3499.68,
5133,0,
5134,0,
5135,0,
5136,0,
5137,0,
5138,0,
5139,0,
5140,0,
5141,0,
5142,0,
5143,0,
5144,0,
5145,3245.25,
5146,3381.76,
5147,3384.34,
5148,3536.3,
5149,3528.65,
5150,3342.16,
5151,3189.59,
5152,3145.57,
5153,3046.72,
5154,2854.93,
5155,2662.22,
5156,2489.45,
5157,0,
5158,0,
5159,0,
5160,0,
5161,0,
5162,0,
5163,0,
5164,0,
5165,0,
5166,0,
5167,0,
5168,0,
5169,1204.44,
5170,1357.22,
5171,1356.79,
5172,1265.91,
5173,1225.75,
5174,1374.17,
5175,1534.09,
5176,1483.3,
5177,1250.67,
5178,1091.55,
5179,986.55,
5180,934.52,
5181,0,
5182,0,
5183,0,
5184,0,
5185,0,
5186,0,
5187,0,
5188,0,
5189,0,
5190,0,
5191,0,
5192,0,
5193,1010.47,
5194,1598.6,
5195,1434.96,
5196,1490.49,
5197,1498.5,
5198,1594.86,
5199,1737.4,
5200,1792.85,
5201,1765.75,
5202,1593.39,
5203,1343.62,
5204,1264.62,
5205,0,
5206,0,
5207,0,
5208,0,
5209,0,
5210,0,
5211,0,
5212,0,
5213,0,
5214,0,
5215,0,
5216,0,
5217,3117.47,
5218,3389.86,
5219,3192.24,
5220,3107.87,
5221,3267.2,
5222,3362.7,
5223,3440.34,
5224,2977.47,
5225,2420.82,
5226,2202.42,
5227,1972.03,
5228,2248.47,
5229,0,
5230,0,
5231,0,
5232,0,
5233,0,
5234,0,
5235,0,
5236,0,
5237,0,
5238,0,
5239,0,
5240,0,
5241,1943.7,
5242,2222.16,
5243,2327.5,
5244,2635.37,
5245,2795.62,
5246,2839.6,
5247,2973.29,
5248,3119.16,
5249,2961.57,
5250,2757.54,
5251,2692.82,
5252,2715.54,
5253,0,
5254,0,
5255,0,
5256,0,
5257,0,
5258,0,
5259,0,
5260,0,
5261,0,
5262,0,
5263,0,
5264,0,
5265,2620.34,
5266,3156.56,
5267,3068.86,
5268,3158.86,
5269,3302.75,
5270,3263.07,
5271,2839.19,
5272,2504.78,
5273,2438.09,
5274,2306.5,
5275,2096.98,
5276,1845.13,
5277,0,
5278,0,
5279,0,
5280,0,
5281,0,
5282,0,
5283,0,
5284,0,
5285,0,
5286,0,
5287,0,
5288,0,
5289,1267.15,
5290,2293.96,
5291,2118.03,
5292,2312.94,
5293,2338,
5294,2450.15,
5295,2567.64,
5296,2581.79,
5297,2449.41,
5298,2212.32,
5299,2022.75,
5300,2038.5,
5301,0,
5302,0,
5303,0,
5304,0,
5305,0,
5306,0,
5307,0,
5308,0,
5309,0,
5310,0,
5311,0,
5312,0,
5313,1729.61,
5314,2514.92,
5315,2461.37,
5316,2552.51,
5317,2589.42,
5318,2766.74,
5319,2914.03,
5320,2929.39,
5321,2801.03,
5322,2568.99,
5323,2290.23,
5324,2324.53,
5325,0,
5326,0,
5327,0,
5328,0,
5329,0,
5330,0,
5331,0,
5332,0,
5333,0,
5334,0,
5335,0,
5336,0,
5337,1696.46,
5338,1952.98,
5339,1817.05,
5340,1835.06,
5341,1907.47,
5342,1867.52,
5343,1833.9,
5344,1806.99,
5345,1724.98,
5346,1602.59,
5347,1454.48,
5348,1389.12,
5349,0,
5350,0,
5351,0,
5352,0,
5353,0,
5354,0,
5355,0,
5356,0,
5357,0,
5358,0,
5359,0,
5360,0,
5361,1413.86,
5362,2082.2,
5363,1779.4,
5364,1748.78,
5365,1770.58,
5366,1899.29,
5367,2013.52,
5368,2064.69,
5369,2032.5,
5370,1952.99,
5371,1607.26,
5372,1501.35,
5373,0,
5374,0,
5375,0,
5376,0,
5377,0,
5378,0,
5379,0,
5380,0,
5381,0,
5382,0,
5383,0,
5384,0,
5385,2554.98,
5386,3901.24,
5387,3513.72,
5388,3719.77,
5389,4003.49,
5390,4011.06,
5391,3935.81,
5392,3992.42,
5393,4002.23,
5394,3713.32,
5395,3224.76,
5396,3112.02,
5397,0,
5398,0,
5399,0,
5400,0,
5401,0,
5402,0,
5403,0,
5404,0,
5405,0,
5406,0,
5407,0,
5408,0,
5409,3019.83,
5410,3653.65,
5411,3155.21,
5412,3251.57,
5413,3821.25,
5414,3922.65,
5415,3969.92,
5416,4175.26,
5417,4302.73,
5418,4186.87,
5419,3929.64,
5420,3694.44,
5421,0,
5422,0,
5423,0,
5424,0,
5425,0,
5426,0,
5427,0,
5428,0,
5429,0,
5430,0,
5431,0,
5432,0,
5433,3708.38,
5434,3619.44,
5435,3531.69,
5436,3817.79,
5437,4027.65,
5438,4169.62,
5439,4170.16,
5440,4076.18,
5441,3929.78,
5442,3756.87,
5443,3459.35,
5444,3322.98,
5445,0,
5446,0,
5447,0,
5448,0,
5449,0,
5450,0,
5451,0,
5452,0,
5453,0,
5454,0,
5455,0,
5456,0,
5457,4449.39,
5458,4156.22,
5459,3940.72,
5460,4003.37,
5461,3832.71,
5462,3892.85,
5463,4194.76,
5464,4058.17,
5465,3872.6,
5466,3718.41,
5467,3414.68,
5468,3257.16,
5469,0,
5470,0,
5471,0,
5472,0,
5473,0,
5474,0,
5475,0,
5476,0,
5477,0,
5478,1.42,
5479,5.99,
5480,9.68,
5481,4410.64,
5482,4426.65,
5483,4548.75,
5484,4548.91,
5485,4458.3,
5486,4518.81,
5487,4324.35,
5488,4382.85,
5489,4505.76,
5490,4601.91,
5491,4692.1,
5492,4500.09,
5493,0,
5494,0,
5495,0,
5496,0,
5497,31.47,
5498,0,
5499,27.59,
5500,8.72,
5501,2.17,
5502,0,
5503,0,
5504,0,
5505,2494.05,
5506,2705.1,
5507,2293.79,
5508,2247.65,
5509,2295.65,
5510,2195.55,
5511,2285.79,
5512,2253.95,
5513,2197.95,
5514,2095.5,
5515,1959.49,
5516,1878.29,
5517,0,
5518,0,
5519,0,
5520,0,
5521,0,
5522,0,
5523,0,
5524,0,
5525,0,
5526,0,
5527,0,
5528,0,
5529,2296.37,
5530,2605.89,
5531,2302.57,
5532,2309.17,
5533,2296.92,
5534,2429.06,
5535,2538.88,
5536,2630.14,
5537,2674.77,
5538,2535.29,
5539,2147.71,
5540,2083.13,
5541,0,
5542,0,
5543,0,
5544,0,
5545,0,
5546,0,
5547,0,
5548,0,
5549,0,
5550,0,
5551,0,
5552,0,
5553,4550.87,
5554,4961.82,
5555,4964.81,
5556,4964.34,
5557,4964.83,
5558,4754.93,
5559,4569.52,
5560,4456.18,
5561,4227.57,
5562,3809.93,
5563,3439.04,
5564,3370.86,
5565,0,
5566,0,
5567,0,
5568,0,
5569,0,
5570,0,
5571,0,
5572,0,
5573,0,
5574,0,
5575,0,
5576,0,
5577,2770.4,
5578,3422.02,
5579,3343.02,
5580,3583.29,
5581,3689.87,
5582,3923.74,
5583,3969.48,
5584,4384.36,
5585,4307.13,
5586,3570.31,
5587,3287.39,
5588,3184.06,
5589,0,
5590,0,
5591,0,
5592,0,
5593,0,
5594,0,
5595,0,
5596,0,
5597,0,
5598,0,
5599,0,
5600,0,
5601,2453.37,
5602,3798.51,
5603,3316.88,
5604,3302.79,
5605,3343.87,
5606,3283.27,
5607,3262.76,
5608,3334.78,
5609,3327.17,
5610,3179.4,
5611,3068.38,
5612,3014.84,
5613,0,
5614,0,
5615,0,
5616,0,
5617,0,
5618,0,
5619,0,
5620,0,
5621,0,
5622,0,
5623,0,
5624,0,
5625,3932.76,
5626,4217.17,
5627,4062.19,
5628,4118.39,
5629,3953.98,
5630,3722.57,
5631,3591.82,
5632,3624.96,
5633,3500.39,
5634,3371.55,
5635,3343.86,
5636,3277.98,
5637,0,
5638,0,
5639,0,
5640,0,
5641,0,
5642,0,
5643,0,
5644,0,
5645,0,
5646,0,
5647,0,
5648,0,
5649,3609.5,
5650,4122.19,
5651,3814.3,
5652,3558.77,
5653,3515.36,
5654,3625.67,
5655,3593.77,
5656,3475.69,
5657,3424.88,
5658,3415.96,
5659,3213.4,
5660,3234.48,
5661,0,
5662,0,
5663,0,
5664,0,
5665,0,
5666,0,
5667,0,
5668,0,
5669,0,
5670,0,
5671,0,
5672,0,
5673,2315.91,
5674,2083.82,
5675,1907.11,
5676,2001.42,
5677,2064.68,
5678,1982.75,
5679,1976.85,
5680,1986.33,
5681,1817.63,
5682,1727.5,
5683,1670.14,
5684,1628.32,
5685,0,
5686,0,
5687,0,
5688,0,
5689,0,
5690,0,
5691,0,
5692,0,
5693,0,
5694,0,
5695,0,
5696,0,
5697,2046.88,
5698,2335.7,
5699,2093.62,
5700,2144.32,
5701,2168.52,
5702,2239.31,
5703,2387.31,
5704,2460.83,
5705,2418.04,
5706,2329.46,
5707,1995.88,
5708,1846.73,
5709,0,
5710,0,
5711,0,
5712,0,
5713,0,
5714,0,
5715,0,
5716,0,
5717,0,
5718,0.64,
5719,0.91,
5720,0,
5721,4653.61,
5722,4827.55,
5723,4597.9,
5724,4792.43,
5725,4964.72,
5726,4959.31,
5727,4932.81,
5728,4917.08,
5729,4475.67,
5730,4238.96,
5731,3920.66,
5732,3507.22,
5733,0,
5734,0,
5735,0,
5736,0,
5737,0,
5738,0,
5739,0,
5740,0,
5741,0,
5742,0,
5743,0,
5744,0,
5745,2689.91,
5746,3171.7,
5747,2997.48,
5748,3165.76,
5749,3399.85,
5750,3554.06,
5751,3555.98,
5752,3383.61,
5753,3206.93,
5754,3051.19,
5755,2908.41,
5756,2861.82,
5757,0,
5758,0,
5759,0,
5760,0,
5761,0,
5762,0,
5763,0,
5764,0,
5765,0,
5766,0,
5767,0,
5768,0,
5769,3075.73,
5770,3436.78,
5771,2854.21,
5772,2947.25,
5773,3079.86,
5774,3160.09,
5775,3146.01,
5776,3044.43,
5777,2959.89,
5778,2818.35,
5779,3097.59,
5780,3540.9,
5781,0,
5782,0,
5783,0,
5784,0,
5785,0,
5786,0,
5787,0,
5788,0,
5789,0,
5790,0,
5791,0,
5792,0,
5793,3145.49,
5794,3827.85,
5795,3607.04,
5796,3600.69,
5797,3762.13,
5798,4103.22,
5799,4073.86,
5800,3907.77,
5801,3768.5,
5802,3660.62,
5803,3376.63,
5804,3357.17,
5805,0,
5806,0,
5807,0,
5808,0,
5809,0,
5810,0,
5811,0,
5812,0,
5813,0,
5814,0,
5815,0,
5816,0,
5817,4076.51,
5818,4962.81,
5819,4371.91,
5820,4339.89,
5821,4419.7,
5822,4357.26,
5823,4515.57,
5824,4504.94,
5825,4172.74,
5826,3952.49,
5827,3444.51,
5828,3330.13,
5829,0,
5830,0,
5831,0,
5832,0,
5833,0,
5834,0,
5835,0,
5836,0,
5837,0,
5838,0,
5839,0,
5840,0,
5841,1735.18,
5842,2414.87,
5843,1998.7,
5844,1984.99,
5845,2047.61,
5846,2170.45,
5847,2296.31,
5848,2366.14,
5849,2371.75,
5850,2241.01,
5851,1910.53,
5852,1808.7,
5853,0,
5854,0,
5855,0,
5856,0,
5857,0,
5858,0,
5859,0,
5860,0,
5861,0,
5862,0,
5863,0,
5864,0,
5865,2156.96,
5866,2197.77,
5867,1919.76,
5868,1980.88,
5869,2017.77,
5870,2016.92,
5871,1977.29,
5872,1903.19,
5873,1867.18,
5874,1786.7,
5875,1727.76,
5876,1705.3,
5877,0,
5878,0,
5879,0,
5880,0,
5881,0,
5882,0,
5883,0,
5884,0,
5885,0,
5886,0,
5887,0,
5888,6.19,
5889,4874.94,
5890,4765.05,
5891,4626.01,
5892,4596.6,
5893,4626.62,
5894,4641.25,
5895,4548.18,
5896,4472.14,
5897,4443.12,
5898,4243.69,
5899,3979.55,
5900,3859.53,
5901,0,
5902,0,
5903,0,
5904,0,
5905,0,
5906,0,
5907,0,
5908,0,
5909,0,
5910,0,
5911,0,
5912,0,
5913,3316.77,
5914,4102.83,
5915,3854.52,
5916,4079.4,
5917,4103.29,
5918,4011.03,
5919,4054.78,
5920,3970.39,
5921,3918.24,
5922,3773.48,
5923,3395.17,
5924,3541.09,
5925,0,
5926,0,
5927,0,
5928,0,
5929,0,
5930,0,
5931,0,
5932,0,
5933,0,
5934,0,
5935,0,
5936,0,
5937,2124.85,
5938,3407.15,
5939,3127.76,
5940,3212.29,
5941,3249.33,
5942,3456.68,
5943,3610.93,
5944,3599.52,
5945,3456.02,
5946,3119.89,
5947,2726.73,
5948,2654.04,
5949,0,
5950,0,
5951,0,
5952,0,
5953,0,
5954,0,
5955,0,
5956,0,
5957,0,
5958,0,
5959,0,
5960,0,
5961,1579.22,
5962,3021.72,
5963,2586.57,
5964,2637.08,
5965,2687.11,
5966,2802.8,
5967,2957.12,
5968,3113.99,
5969,3201.34,
5970,3108.29,
5971,2721.06,
5972,2645.52,
5973,0,
5974,0,
5975,0,
5976,0,
5977,0,
5978,0,
5979,0,
5980,0,
5981,0,
5982,0,
5983,0,
5984,0,
5985,1151.54,
5986,2683.4,
5987,2351.22,
5988,2328.98,
5989,2351.41,
5990,2504.34,
5991,2651.21,
5992,2682.59,
5993,2517.46,
5994,2184.12,
5995,1759.8,
5996,1734.69,
5997,0,
5998,0,
5999,0,
6000,0,
6001,0,
6002,0,
6003,0,
6004,0,
6005,0,
6006,0,
6007,0,
6008,0,
6009,952.28,
6010,1843.72,
6011,1601.07,
6012,1595.2,
6013,1605.4,
6014,1690.23,
6015,1824.06,
6016,1944.68,
6017,1973.57,
6018,1788.49,
6019,1443.14,
6020,1366.03,
6021,0,
6022,0,
6023,0,
6024,0,
6025,0,
6026,0,
6027,0,
6028,0,
6029,0,
6030,0,
6031,0,
6032,0,
6033,1637.81,
6034,1767.54,
6035,1513.75,
6036,1589.75,
6037,1642.82,
6038,1694.72,
6039,1812.19,
6040,1858.62,
6041,1744.01,
6042,1526.16,
6043,1400.62,
6044,1373.01,
6045,0,
6046,0,
6047,0,
6048,0,
6049,0,
6050,0,
6051,0,
6052,0,
6053,0,
6054,0,
6055,0,
6056,0,
6057,2511.87,
6058,2686,
6059,2305.72,
6060,2435.16,
6061,2536.15,
6062,2675.74,
6063,2629.97,
6064,2480.17,
6065,2354.76,
6066,2132.57,
6067,1967.54,
6068,1938.05,
6069,0,
6070,0,
6071,0,
6072,0,
6073,0,
6074,0,
6075,0,
6076,0,
6077,0,
6078,0,
6079,0,
6080,0,
6081,1308.88,
6082,1520.83,
6083,1361.3,
6084,1445.31,
6085,1627.78,
6086,1683.25,
6087,1663.84,
6088,1634.38,
6089,1449.74,
6090,1539.88,
6091,1353.19,
6092,921.41,
6093,0,
6094,0,
6095,0,
6096,0,
6097,0,
6098,0,
6099,0,
6100,0,
6101,0,
6102,0,
6103,0,
6104,0,
6105,488.47,
6106,1498.33,
6107,1544.2,
6108,1826.04,
6109,2116.28,
6110,2479.88,
6111,2812.37,
6112,2974.61,
6113,3010.36,
6114,2748.47,
6115,2232.42,
6116,2090.06,
6117,0,
6118,0,
6119,0,
6120,0,
6121,0,
6122,0,
6123,0,
6124,0,
6125,0,
6126,0,
6127,0,
6128,0,
6129,2259.16,
6130,2504.98,
6131,2481.69,
6132,2642.94,
6133,2863.72,
6134,2983.76,
6135,2899.32,
6136,2723.62,
6137,2637.48,
6138,2570.83,
6139,2394.47,
6140,2340.73,
6141,0,
6142,0,
6143,0,
6144,0,
6145,0,
6146,0,
6147,0,
6148,0,
6149,0,
6150,0,
6151,0,
6152,0,
6153,3276.62,
6154,3962.3,
6155,2883.5,
6156,2756.4,
6157,2627,
6158,2390.05,
6159,2364.64,
6160,2327.72,
6161,2162.77,
6162,2136.19,
6163,2170.58,
6164,2508.4,
6165,0,
6166,0,
6167,0,
6168,0,
6169,0,
6170,0,
6171,0,
6172,0,
6173,0,
6174,0,
6175,0,
6176,0,
6177,1560.83,
6178,1452.61,
6179,1369.83,
6180,1438.76,
6181,1409.57,
6182,1523.57,
6183,1545.19,
6184,1327.11,
6185,1157.76,
6186,1008.27,
6187,890.75,
6188,839.76,
6189,0,
6190,0,
6191,0,
6192,0,
6193,0,
6194,0,
6195,0,
6196,0,
6197,0,
6198,0,
6199,0,
6200,0,
6201,575.95,
6202,988.43,
6203,1024.14,
6204,1139.76,
6205,1207.58,
6206,1221.79,
6207,1182.03,
6208,1203.09,
6209,1101.19,
6210,951.4,
6211,771.13,
6212,674.13,
6213,0,
6214,0,
6215,0,
6216,0,
6217,0,
6218,0,
6219,0,
6220,0,
6221,0,
6222,0,
6223,0,
6224,0,
6225,1066.69,
6226,1721.22,
6227,1780.36,
6228,1967.37,
6229,2088.51,
6230,2163.16,
6231,2083.19,
6232,1993.81,
6233,2056.01,
6234,1908.6,
6235,1465.06,
6236,1429.74,
6237,0,
6238,0,
6239,0,
6240,0,
6241,0,
6242,0,
6243,0,
6244,0,
6245,0,
6246,0,
6247,0,
6248,0,
6249,3020,
6250,3243.7,
6251,3219.48,
6252,3254.35,
6253,3363.33,
6254,3363.35,
6255,3110.27,
6256,3262.74,
6257,3420.4,
6258,3187.67,
6259,3025.06,
6260,3100.83,
6261,0,
6262,0,
6263,0,
6264,0,
6265,0,
6266,0,
6267,0,
6268,0,
6269,0,
6270,0,
6271,0,
6272,0,
6273,3700.72,
6274,3440.31,
6275,3338.95,
6276,3271.96,
6277,3061.01,
6278,2843.16,
6279,2992.38,
6280,2951.28,
6281,2733.56,
6282,2615.38,
6283,2374.74,
6284,2511.65,
6285,0,
6286,0,
6287,0,
6288,0,
6289,0,
6290,0,
6291,0,
6292,0,
6293,0,
6294,0,
6295,0,
6296,0,
6297,2311.89,
6298,2516.57,
6299,2261.65,
6300,2353.34,
6301,2505.74,
6302,2708.49,
6303,2862.45,
6304,2811.91,
6305,2694.28,
6306,2553.16,
6307,2310.93,
6308,2224.8,
6309,0,
6310,0,
6311,0,
6312,0,
6313,0,
6314,0,
6315,0,
6316,0,
6317,0,
6318,0,
6319,0,
6320,0,
6321,1833.23,
6322,2902.33,
6323,2698.02,
6324,2823.21,
6325,2898.1,
6326,3058.81,
6327,3254.4,
6328,3404.91,
6329,3540.32,
6330,3448.85,
6331,3043.4,
6332,2906.66,
6333,0,
6334,0,
6335,0,
6336,0,
6337,0,
6338,0,
6339,0,
6340,0,
6341,0,
6342,0,
6343,0,
6344,0,
6345,1641.93,
6346,1694.04,
6347,1634.83,
6348,1637.74,
6349,1447.58,
6350,1460.88,
6351,1587.63,
6352,1656.34,
6353,1415.12,
6354,1207.06,
6355,1115.96,
6356,1054.52,
6357,0,
6358,0,
6359,0,
6360,0,
6361,0,
6362,0,
6363,0,
6364,0,
6365,0,
6366,0,
6367,0,
6368,0,
6369,1098.14,
6370,983.72,
6371,987.53,
6372,1176.49,
6373,1416.07,
6374,1349.82,
6375,1211.47,
6376,1149.91,
6377,977.75,
6378,936.95,
6379,845.8,
6380,878.15,
6381,0,
6382,0,
6383,0,
6384,0,
6385,0,
6386,0,
6387,0,
6388,0,
6389,0,
6390,0,
6391,0,
6392,0,
6393,2824.75,
6394,3085.12,
6395,3214.07,
6396,3309.25,
6397,3470.9,
6398,3600.16,
6399,3663.57,
6400,3637,
6401,3536.21,
6402,3366.09,
6403,3190.58,
6404,3025.9,
6405,0,
6406,0,
6407,0,
6408,0,
6409,0,
6410,0,
6411,0,
6412,0,
6413,0,
6414,0,
6415,0,
6416,0,
6417,785.13,
6418,1277.67,
6419,1247.03,
6420,1527.13,
6421,1730.7,
6422,1908.1,
6423,1932.15,
6424,1981.97,
6425,2132.46,
6426,1965.54,
6427,1547.21,
6428,1507.77,
6429,0,
6430,0,
6431,0,
6432,0,
6433,0,
6434,0,
6435,0,
6436,0,
6437,0,
6438,0,
6439,0,
6440,0,
6441,1858.24,
6442,2649.52,
6443,2436.64,
6444,2544.13,
6445,2664.54,
6446,2914.96,
6447,3121.01,
6448,3151.93,
6449,3252.82,
6450,3399.91,
6451,3152.66,
6452,3223.18,
6453,0,
6454,0,
6455,0,
6456,0,
6457,0,
6458,0,
6459,0,
6460,0,
6461,0,
6462,0,
6463,0,
6464,0,
6465,2334.12,
6466,2603.71,
6467,2660.06,
6468,2926.98,
6469,3017.22,
6470,3246,
6471,3468.54,
6472,3282.62,
6473,3134.95,
6474,2920.16,
6475,2677.81,
6476,2625.55,
6477,0,
6478,0,
6479,0,
6480,0,
6481,0,
6482,0,
6483,0,
6484,0,
6485,0,
6486,0,
6487,0,
6488,0,
6489,1026.8,
6490,1952.28,
6491,1715.92,
6492,1556.83,
6493,1550.04,
6494,1610.76,
6495,1707.29,
6496,1804.82,
6497,1736.26,
6498,1498.21,
6499,1240.05,
6500,1286.23,
6501,0,
6502,0,
6503,0,
6504,0,
6505,0,
6506,0,
6507,0,
6508,0,
6509,0,
6510,0,
6511,0,
6512,0,
6513,1073.97,
6514,878.68,
6515,1065.38,
6516,1284.2,
6517,1534.85,
6518,1642.37,
6519,1691.9,
6520,1632.53,
6521,1498,
6522,1305.04,
6523,1117.73,
6524,1040.13,
6525,0,
6526,0,
6527,0,
6528,0,
6529,0,
6530,0,
6531,0,
6532,0,
6533,0,
6534,0,
6535,0,
6536,0,
6537,1781.73,
6538,1435.84,
6539,1290.93,
6540,1312.72,
6541,1314.67,
6542,1339.55,
6543,1378.99,
6544,1292.13,
6545,1256.07,
6546,1130.4,
6547,971.28,
6548,880.38,
6549,0,
6550,0,
6551,0,
6552,0,
6553,0,
6554,0,
6555,0,
6556,0,
6557,0,
6558,0,
6559,0,
6560,0,
6561,1641.05,
6562,2671.71,
6563,2233.52,
6564,2186.92,
6565,2178.5,
6566,1816.96,
6567,1822.39,
6568,1770.33,
6569,1917.56,
6570,1605.81,
6571,1408.98,
6572,1420.23,
6573,0,
6574,0,
6575,0,
6576,0,
6577,0,
6578,0,
6579,0,
6580,0,
6581,0,
6582,0,
6583,0,
6584,0,
6585,1984.95,
6586,1889.99,
6587,1970.14,
6588,2096.8,
6589,2222.71,
6590,2318.64,
6591,2342.89,
6592,2326.39,
6593,2228.81,
6594,2051.31,
6595,1559.67,
6596,1235.22,
6597,0,
6598,0,
6599,0,
6600,0,
6601,0,
6602,0,
6603,0,
6604,0,
6605,0,
6606,0,
6607,0,
6608,0,
6609,1627.96,
6610,1187.72,
6611,1361.49,
6612,1611.43,
6613,1683.77,
6614,1731.2,
6615,1748.38,
6616,1313,
6617,1071.04,
6618,816.66,
6619,626.05,
6620,577.63,
6621,0,
6622,0,
6623,0,
6624,0,
6625,0,
6626,0,
6627,0,
6628,0,
6629,0,
6630,0,
6631,0,
6632,0,
6633,128.75,
6634,947.15,
6635,1075.67,
6636,1304.94,
6637,1410.35,
6638,1460.52,
6639,1510.63,
6640,1744.76,
6641,1920.2,
6642,1763.79,
6643,1428.23,
6644,1382.39,
6645,0,
6646,0,
6647,0,
6648,0,
6649,0,
6650,0,
6651,0,
6652,0,
6653,0,
6654,0,
6655,0,
6656,0,
6657,1477.99,
6658,1883.78,
6659,1606.54,
6660,1860.3,
6661,2156.49,
6662,2396.73,
6663,2313.68,
6664,2470.2,
6665,2119.51,
6666,1857.26,
6667,1761.02,
6668,1688.59,
6669,0,
6670,0,
6671,0,
6672,0,
6673,0,
6674,0,
6675,0,
6676,0,
6677,0,
6678,0,
6679,0,
6680,0,
6681,892.17,
6682,1529.19,
6683,1393.91,
6684,1465.8,
6685,1515.35,
6686,1531.79,
6687,1589.83,
6688,1599.14,
6689,1552.61,
6690,1331.49,
6691,1062.16,
6692,948.97,
6693,0,
6694,0,
6695,0,
6696,0,
6697,0,
6698,0,
6699,0,
6700,0,
6701,0,
6702,0,
6703,0,
6704,0,
6705,878.8,
6706,1596.13,
6707,1461.56,
6708,1549.3,
6709,1592.16,
6710,1679.14,
6711,1716.88,
6712,1707.72,
6713,1642.62,
6714,1434.29,
6715,1106.74,
6716,973.19,
6717,0,
6718,0,
6719,0,
6720,0,
6721,0,
6722,0,
6723,0,
6724,0,
6725,0,
6726,0,
6727,0,
6728,0,
6729,388.27,
6730,1027.22,
6731,1247.35,
6732,1397.2,
6733,1512.4,
6734,1728.53,
6735,1861.28,
6736,1798.8,
6737,1957.15,
6738,1882.87,
6739,1700.55,
6740,1770.22,
6741,0,
6742,0,
6743,0,
6744,0,
6745,0,
6746,0,
6747,0,
6748,0,
6749,0,
6750,0,
6751,0,
6752,0,
6753,2579.17,
6754,3118.07,
6755,3170.35,
6756,3353.1,
6757,3417.02,
6758,3162.27,
6759,2889.06,
6760,2626.58,
6761,2329.73,
6762,2076.78,
6763,1932.68,
6764,1907.27,
6765,0,
6766,0,
6767,0,
6768,0,
6769,0,
6770,0,
6771,0,
6772,0,
6773,0,
6774,0,
6775,0,
6776,0,
6777,1429.68,
6778,1889.91,
6779,1720.32,
6780,2026.19,
6781,2075.11,
6782,2203.59,
6783,2280.57,
6784,2214.21,
6785,2097.29,
6786,1810.62,
6787,1719.26,
6788,1685.29,
6789,0,
6790,0,
6791,0,
6792,0,
6793,0,
6794,0,
6795,0,
6796,0,
6797,0,
6798,0,
6799,0,
6800,0,
6801,1031.01,
6802,2352.51,
6803,2301.66,
6804,2386.79,
6805,2565.25,
6806,2758.19,
6807,2832.47,
6808,2955.79,
6809,2888.42,
6810,2507.86,
6811,2495.95,
6812,2407.18,
6813,0,
6814,0,
6815,0,
6816,0,
6817,0,
6818,0,
6819,0,
6820,0,
6821,0,
6822,0,
6823,0,
6824,0,
6825,1692.93,
6826,3092.83,
6827,2979.43,
6828,3066.24,
6829,3081.27,
6830,3122.98,
6831,3203.76,
6832,3128.44,
6833,2887.84,
6834,2527.2,
6835,2419.33,
6836,2274.63,
6837,0,
6838,0,
6839,0,
6840,0,
6841,0,
6842,0,
6843,0,
6844,0,
6845,0,
6846,0,
6847,0,
6848,0,
6849,1069.92,
6850,1819.27,
6851,1628.02,
6852,1618.76,
6853,1566.1,
6854,1638.95,
6855,1729.53,
6856,1750.98,
6857,1661.13,
6858,1284.53,
6859,1162.05,
6860,1073.47,
6861,0,
6862,0,
6863,0,
6864,0,
6865,0,
6866,0,
6867,0,
6868,0,
6869,0,
6870,0,
6871,0,
6872,0,
6873,582.93,
6874,1194.72,
6875,1210.64,
6876,1393.36,
6877,1518.22,
6878,1627.9,
6879,1686.96,
6880,1758.55,
6881,1748.59,
6882,1378.54,
6883,1207.73,
6884,1104.73,
6885,0,
6886,0,
6887,0,
6888,0,
6889,0,
6890,0,
6891,0,
6892,0,
6893,0,
6894,0,
6895,0,
6896,0,
6897,1454.52,
6898,2631.65,
6899,2291.81,
6900,2244.18,
6901,2326.07,
6902,2471.74,
6903,2634.24,
6904,2603.73,
6905,2324.73,
6906,1853.05,
6907,1718.43,
6908,1619.02,
6909,0,
6910,0,
6911,0,
6912,0,
6913,0,
6914,0,
6915,0,
6916,0,
6917,0,
6918,0,
6919,0,
6920,0,
6921,992.75,
6922,2026.55,
6923,1989.9,
6924,2155.95,
6925,2249.73,
6926,2335.29,
6927,2390.21,
6928,2360.48,
6929,2175.43,
6930,1746.17,
6931,1592.12,
6932,1567.39,
6933,0,
6934,0,
6935,0,
6936,0,
6937,0,
6938,0,
6939,0,
6940,0,
6941,0,
6942,0,
6943,0,
6944,0,
6945,2234.87,
6946,2552.26,
6947,2523.49,
6948,2693.05,
6949,2658.62,
6950,2484.47,
6951,2611.84,
6952,2566.32,
6953,2372.67,
6954,2371.67,
6955,2415.94,
6956,2306.78,
6957,0,
6958,0,
6959,0,
6960,0,
6961,0,
6962,0,
6963,0,
6964,0,
6965,0,
6966,0,
6967,0,
6968,0,
6969,2536.25,
6970,2445.72,
6971,2395.46,
6972,2410.44,
6973,2410.08,
6974,2284.2,
6975,2255.44,
6976,2066.27,
6977,1781.34,
6978,1499.47,
6979,1254.96,
6980,1487.46,
6981,0,
6982,0,
6983,0,
6984,0,
6985,0,
6986,0,
6987,0,
6988,0,
6989,0,
6990,0,
6991,0,
6992,0,
6993,1397.21,
6994,1282.46,
6995,948,
6996,955.13,
6997,1107.05,
6998,1238.87,
6999,1244.91,
7000,1321.48,
7001,1341.24,
7002,891.07,
7003,815.29,
7004,945.99,
7005,0,
7006,0,
7007,0,
7008,0,
7009,0,
7010,0,
7011,0,
7012,0,
7013,0,
7014,0,
7015,0,
7016,0,
7017,937.75,
7018,1292.31,
7019,1249.94,
7020,1348,
7021,1439.41,
7022,1461.58,
7023,1559.47,
7024,1566.59,
7025,1499.95,
7026,1138.79,
7027,1008.65,
7028,938.27,
7029,0,
7030,0,
7031,0,
7032,0,
7033,0,
7034,0,
7035,0,
7036,0,
7037,0,
7038,0,
7039,0,
7040,0,
7041,805.49,
7042,1218.75,
7043,1234.08,
7044,1298.93,
7045,1338.02,
7046,1432.39,
7047,1458.45,
7048,1440.1,
7049,1225.26,
7050,932.54,
7051,818.15,
7052,729.45,
7053,0,
7054,0,
7055,0,
7056,0,
7057,0,
7058,0,
7059,0,
7060,0,
7061,0,
7062,0,
7063,0,
7064,0,
7065,330.06,
7066,887.12,
7067,1066.11,
7068,1218.35,
7069,1382.74,
7070,1525.41,
7071,1664.9,
7072,1748.25,
7073,1703.46,
7074,1378.48,
7075,1255.21,
7076,1164.52,
7077,0,
7078,0,
7079,0,
7080,0,
7081,0,
7082,0,
7083,0,
7084,0,
7085,0,
7086,0,
7087,0,
7088,0,
7089,953.14,
7090,1819.43,
7091,1690.98,
7092,1688.03,
7093,1779.42,
7094,1900.52,
7095,1899.09,
7096,1872.83,
7097,1710.69,
7098,1225.06,
7099,995.71,
7100,851.48,
7101,0,
7102,0,
7103,0,
7104,0,
7105,0,
7106,0,
7107,0,
7108,0,
7109,0,
7110,0,
7111,0,
7112,0,
7113,1259.07,
7114,1460.49,
7115,1522.63,
7116,1712.19,
7117,1365.77,
7118,1159.86,
7119,1052.21,
7120,969.13,
7121,859.48,
7122,801.69,
7123,734.2,
7124,974.24,
7125,0,
7126,0,
7127,0,
7128,0,
7129,0,
7130,0,
7131,0,
7132,0,
7133,0,
7134,0,
7135,0,
7136,0,
7137,105.92,
7138,515.85,
7139,707.21,
7140,964.92,
7141,1079.96,
7142,1064.83,
7143,1022.6,
7144,1050.76,
7145,989.61,
7146,714.14,
7147,612.09,
7148,580.02,
7149,0,
7150,0,
7151,0,
7152,0,
7153,0,
7154,0,
7155,0,
7156,0,
7157,0,
7158,0,
7159,0,
7160,0,
7161,44.75,
7162,578.28,
7163,609.08,
7164,660.19,
7165,758.3,
7166,865.93,
7167,917.08,
7168,861.8,
7169,623.37,
7170,318.13,
7171,161.55,
7172,64.31,
7173,0,
7174,0,
7175,0,
7176,0,
7177,0,
7178,0,
7179,0,
7180,0,
7181,0,
7182,0,
7183,0,
7184,0,
7185,194.07,
7186,474.88,
7187,654.89,
7188,758.61,
7189,846.27,
7190,944.55,
7191,990.15,
7192,959.01,
7193,862.98,
7194,544.24,
7195,416.89,
7196,339.57,
7197,0,
7198,0,
7199,0,
7200,0,
7201,0,
7202,0,
7203,0,
7204,0,
7205,0,
7206,0,
7207,0,
7208,0,
7209,30.15,
7210,290.26,
7211,282.86,
7212,331.38,
7213,430.57,
7214,491.93,
7215,467.31,
7216,396.44,
7217,291.32,
7218,146.89,
7219,63.38,
7220,102.11,
7221,0,
7222,0,
7223,0,
7224,0,
7225,0,
7226,0,
7227,0,
7228,0,
7229,0,
7230,0,
7231,0,
7232,0,
7233,826.97,
7234,688.03,
7235,886.06,
7236,1198.79,
7237,1322.57,
7238,1462.3,
7239,1454.47,
7240,1354.29,
7241,1189.86,
7242,937.32,
7243,907.02,
7244,965.49,
7245,0,
7246,0,
7247,0,
7248,0,
7249,0,
7250,0,
7251,0,
7252,0,
7253,0,
7254,0,
7255,0,
7256,0,
7257,1684.4,
7258,1247.71,
7259,1216.5,
7260,1350.29,
7261,1513.53,
7262,1568.02,
7263,1774.71,
7264,1989.08,
7265,1908.94,
7266,1691.71,
7267,1453.64,
7268,1241.55,
7269,0,
7270,0,
7271,0,
7272,0,
7273,0,
7274,0,
7275,0,
7276,0,
7277,0,
7278,0,
7279,0,
7280,0,
7281,23.65,
7282,437.01,
7283,482.14,
7284,654.07,
7285,772.07,
7286,897.94,
7287,977.38,
7288,998.17,
7289,983.06,
7290,580.46,
7291,378.91,
7292,227.29,
7293,0,
7294,0,
7295,0,
7296,0,
7297,0,
7298,0,
7299,0,
7300,0,
7301,0,
7302,0,
7303,0,
7304,0,
7305,0,
7306,81.61,
7307,0,
7308,6.2,
7309,0,
7310,0,
7311,0,
7312,0,
7313,0,
7314,0,
7315,0,
7316,0,
7317,0,
7318,0,
7319,0,
7320,0,
7321,0,
7322,0,
7323,0,
7324,0,
7325,0,
7326,0,
7327,0,
7328,0,
7329,0,
7330,0,
7331,0,
7332,0,
7333,0,
7334,4.58,
7335,0.84,
7336,0,
7337,0,
7338,0,
7339,0,
7340,0,
7341,0,
7342,0,
7343,0,
7344,0,
7345,0,
7346,0,
7347,0,
7348,0,
7349,0,
7350,0,
7351,0,
7352,0,
7353,0,
7354,0,
7355,0,
7356,0.18,
7357,15.26,
7358,43.2,
7359,51.7,
7360,14.76,
7361,0,
7362,0,
7363,0,
7364,0,
7365,0,
7366,0,
7367,0,
7368,0,
7369,0,
7370,0,
7371,0,
7372,0,
7373,0,
7374,0,
7375,0,
7376,0,
7377,0,
7378,0,
7379,0,
7380,0,
7381,30.75,
7382,49.58,
7383,9.13,
7384,0.69,
7385,0,
7386,0,
7387,0,
7388,0,
7389,0,
7390,0,
7391,0,
7392,0,
7393,0,
7394,0,
7395,0,
7396,0,
7397,0,
7398,0,
7399,0,
7400,0,
7401,929.47,
7402,809.43,
7403,653.21,
7404,781.17,
7405,741.49,
7406,912.62,
7407,300.49,
7408,57.71,
7409,6.05,
7410,0,
7411,0,
7412,16.18,
7413,0,
7414,0,
7415,0,
7416,0,
7417,0,
7418,0,
7419,0,
7420,0,
7421,0,
7422,0,
7423,0,
7424,0,
7425,0,
7426,0,
7427,0.03,
7428,41.56,
7429,84.34,
7430,184.79,
7431,233.89,
7432,198.94,
7433,141.83,
7434,0,
7435,0,
7436,4.48,
7437,0,
7438,0,
7439,0,
7440,0,
7441,0,
7442,0,
7443,0,
7444,0,
7445,0,
7446,0,
7447,0,
7448,0,
7449,575.91,
7450,299.64,
7451,5.17,
7452,144.48,
7453,132.73,
7454,211.86,
7455,166.79,
7456,142.61,
7457,124.12,
7458,259.49,
7459,409.68,
7460,432.35,
7461,0,
7462,0,
7463,0,
7464,0,
7465,0,
7466,0,
7467,0,
7468,0,
7469,0,
7470,0,
7471,0,
7472,0,
7473,1370.94,
7474,1044.87,
7475,1004.12,
7476,1124.32,
7477,1215.87,
7478,1328.58,
7479,1323.79,
7480,1153.64,
7481,925.82,
7482,701.31,
7483,573.77,
7484,489.34,
7485,0,
7486,0,
7487,0,
7488,0,
7489,0,
7490,0,
7491,0,
7492,0,
7493,0,
7494,0,
7495,0,
7496,0,
7497,581.22,
7498,1105.13,
7499,1040.48,
7500,1254.9,
7501,1437.13,
7502,1575.18,
7503,1507.04,
7504,1352.13,
7505,1155.82,
7506,889.27,
7507,825.66,
7508,705.74,
7509,0,
7510,0,
7511,0,
7512,0,
7513,0,
7514,0,
7515,0,
7516,0,
7517,0,
7518,0,
7519,0,
7520,0,
7521,751.2,
7522,1075.72,
7523,1043.53,
7524,1080.83,
7525,1094.06,
7526,1180.91,
7527,1292.4,
7528,1324.04,
7529,1215.43,
7530,863.58,
7531,777.32,
7532,743.82,
7533,0,
7534,0,
7535,0,
7536,0,
7537,0,
7538,0,
7539,0,
7540,0,
7541,0,
7542,0,
7543,0,
7544,0,
7545,953.82,
7546,1475.31,
7547,1334.21,
7548,1299.39,
7549,1316.58,
7550,1436.84,
7551,1521.81,
7552,1591.62,
7553,1486.13,
7554,1138.58,
7555,1032.81,
7556,955.61,
7557,0,
7558,0,
7559,0,
7560,0,
7561,0,
7562,0,
7563,0,
7564,0,
7565,0,
7566,0,
7567,0,
7568,0,
7569,570.39,
7570,1019.43,
7571,813.59,
7572,695.36,
7573,759.64,
7574,1095.28,
7575,1153.65,
7576,1135.35,
7577,971.11,
7578,691.88,
7579,451.83,
7580,228.59,
7581,0,
7582,0,
7583,0,
7584,0,
7585,0,
7586,0,
7587,0,
7588,0,
7589,0,
7590,0,
7591,0,
7592,0,
7593,7.17,
7594,272.31,
7595,377.61,
7596,571.35,
7597,706.75,
7598,838.45,
7599,899.65,
7600,853.75,
7601,707.32,
7602,358.2,
7603,189.35,
7604,192.84,
7605,0,
7606,0,
7607,0,
7608,0,
7609,0,
7610,0,
7611,0,
7612,0,
7613,0,
7614,0,
7615,0,
7616,0,
7617,67.15,
7618,487.55,
7619,478.82,
7620,553.8,
7621,647.07,
7622,837.26,
7623,1009.48,
7624,1078.47,
7625,936.63,
7626,461.38,
7627,247.83,
7628,133.12,
7629,0,
7630,0,
7631,0,
7632,0,
7633,0,
7634,0,
7635,0,
7636,0,
7637,0,
7638,0,
7639,0,
7640,0,
7641,21.81,
7642,481.41,
7643,365.25,
7644,407.04,
7645,452.46,
7646,581.62,
7647,721.73,
7648,779.41,
7649,625.88,
7650,220.46,
7651,97,
7652,44.76,
7653,0,
7654,0,
7655,0,
7656,0,
7657,0,
7658,0,
7659,0,
7660,0,
7661,0,
7662,0,
7663,0,
7664,0,
7665,21.47,
7666,434.92,
7667,337.56,
7668,403.09,
7669,428.67,
7670,550.08,
7671,654.82,
7672,621.86,
7673,402.83,
7674,124.75,
7675,79.6,
7676,142.38,
7677,0,
7678,0,
7679,0,
7680,0,
7681,0,
7682,0,
7683,0,
7684,0,
7685,0,
7686,0,
7687,0,
7688,0,
7689,170.84,
7690,388.19,
7691,474.41,
7692,493.95,
7693,539.44,
7694,658.59,
7695,767.91,
7696,782.82,
7697,648,
7698,326.97,
7699,220.93,
7700,153.88,
7701,0,
7702,0,
7703,0,
7704,0,
7705,0,
7706,0,
7707,0,
7708,0,
7709,0,
7710,0,
7711,0,
7712,0,
7713,141.21,
7714,336.81,
7715,416.32,
7716,445.1,
7717,509.8,
7718,614.43,
7719,700.34,
7720,685.31,
7721,535.93,
7722,247.4,
7723,152.12,
7724,102.22,
7725,0,
7726,0,
7727,0,
7728,0,
7729,0,
7730,0,
7731,0,
7732,0,
7733,0,
7734,0,
7735,0,
7736,0,
7737,399.92,
7738,1032.27,
7739,923.64,
7740,960.02,
7741,1106.09,
7742,1312.02,
7743,1482.54,
7744,1547.56,
7745,1390.52,
7746,946.87,
7747,946.4,
7748,981.04,
7749,0,
7750,0,
7751,0,
7752,0,
7753,0,
7754,0,
7755,0,
7756,0,
7757,0,
7758,0,
7759,0,
7760,0,
7761,398.05,
7762,959.18,
7763,976.23,
7764,1084.84,
7765,1133.21,
7766,1217.85,
7767,1303.52,
7768,1279.03,
7769,1116.5,
7770,753.51,
7771,561.39,
7772,407.81,
7773,0,
7774,0,
7775,0,
7776,0,
7777,0,
7778,0,
7779,0,
7780,0,
7781,0,
7782,0,
7783,0,
7784,0,
7785,55.75,
7786,618.88,
7787,376,
7788,479.56,
7789,560.37,
7790,661.47,
7791,694.26,
7792,653.9,
7793,454.73,
7794,151.4,
7795,219.88,
7796,323.93,
7797,0,
7798,0,
7799,0,
7800,0,
7801,0,
7802,0,
7803,0,
7804,0,
7805,0,
7806,0,
7807,0,
7808,0,
7809,143.7,
7810,412.12,
7811,340.41,
7812,552.61,
7813,696.7,
7814,844.1,
7815,904.71,
7816,874.66,
7817,828.54,
7818,563.78,
7819,470.37,
7820,541.03,
7821,0,
7822,0,
7823,0,
7824,0,
7825,0,
7826,0,
7827,0,
7828,0,
7829,0,
7830,0,
7831,0,
7832,0,
7833,1136.45,
7834,1000.25,
7835,747.02,
7836,881.69,
7837,833.7,
7838,934.63,
7839,447.25,
7840,484.64,
7841,444.92,
7842,185.37,
7843,88.25,
7844,39.09,
7845,0,
7846,0,
7847,0,
7848,0,
7849,0,
7850,0,
7851,0,
7852,0,
7853,0,
7854,0,
7855,0,
7856,0,
7857,0,
7858,49.37,
7859,123.29,
7860,232.54,
7861,310.44,
7862,374.75,
7863,366.43,
7864,296.62,
7865,119.33,
7866,13.1,
7867,0,
7868,0.85,
7869,0,
7870,0,
7871,0,
7872,0,
7873,0,
7874,0,
7875,0,
7876,0,
7877,0,
7878,0,
7879,0,
7880,0,
7881,446.11,
7882,217.48,
7883,194.81,
7884,209.06,
7885,239.38,
7886,269.85,
7887,241.54,
7888,245.24,
7889,255.74,
7890,249.18,
7891,251.35,
7892,245.14,
7893,0,
7894,0,
7895,0,
7896,0,
7897,0,
7898,0,
7899,0,
7900,0,
7901,0,
7902,0,
7903,0,
7904,0,
7905,943.35,
7906,782.18,
7907,600.32,
7908,751.5,
7909,411.48,
7910,212.24,
7911,413.19,
7912,725.64,
7913,518.79,
7914,327.23,
7915,307.35,
7916,490.58,
7917,0,
7918,0,
7919,0,
7920,0,
7921,0,
7922,0,
7923,0,
7924,0,
7925,0,
7926,0,
7927,0,
7928,0,
7929,565.08,
7930,409.26,
7931,0,
7932,59.72,
7933,14.8,
7934,85.98,
7935,18.92,
7936,1.28,
7937,0,
7938,0,
7939,0,
7940,0,
7941,0,
7942,0,
7943,0,
7944,0,
7945,0,
7946,0,
7947,0,
7948,0,
7949,0,
7950,0,
7951,0,
7952,0,
7953,0,
7954,39.44,
7955,49.17,
7956,85.55,
7957,122.51,
7958,178.7,
7959,210.81,
7960,222.73,
7961,112.09,
7962,0,
7963,0,
7964,0,
7965,0,
7966,0,
7967,0,
7968,0,
7969,0,
7970,0,
7971,0,
7972,0,
7973,0,
7974,0,
7975,0,
7976,0,
7977,0,
7978,0,
7979,0,
7980,0,
7981,0,
7982,2.94,
7983,0,
7984,0,
7985,0,
7986,0,
7987,0,
7988,0,
7989,0,
7990,0,
7991,0,
7992,0,
7993,0,
7994,0,
7995,0,
7996,0,
7997,0,
7998,0,
7999,0,
8000,0,
8001,0,
8002,148.42,
8003,20.24,
8004,4.93,
8005,8.97,
8006,34.91,
8007,31.6,
8008,17.59,
8009,0,
8010,0,
8011,0,
8012,0,
8013,0,
8014,0,
8015,0,
8016,0,
8017,0,
8018,0,
8019,0,
8020,0,
8021,0,
8022,0,
8023,0,
8024,0,
8025,27.52,
8026,5.36,
8027,64.71,
8028,100.72,
8029,151.76,
8030,202.02,
8031,258.72,
8032,236.27,
8033,122.81,
8034,38.9,
8035,6.98,
8036,0,
8037,0,
8038,0,
8039,0,
8040,0,
8041,0,
8042,0,
8043,0,
8044,0,
8045,0,
8046,0,
8047,0,
8048,0,
8049,1.84,
8050,47.92,
8051,112.92,
8052,164.11,
8053,205.43,
8054,250.27,
8055,305.12,
8056,353.47,
8057,254.31,
8058,57.62,
8059,11.15,
8060,1.42,
8061,0,
8062,0,
8063,0,
8064,0,
8065,0,
8066,0,
8067,0,
8068,0,
8069,0,
8070,0,
8071,0,
8072,0,
8073,77.56,
8074,259.62,
8075,146.36,
8076,339.01,
8077,352.73,
8078,447.15,
8079,539.09,
8080,564.86,
8081,331.74,
8082,133.92,
8083,128.06,
8084,203.41,
8085,0,
8086,0,
8087,0,
8088,0,
8089,0,
8090,0,
8091,0,
8092,0,
8093,0,
8094,0,
8095,0,
8096,0,
8097,54.23,
8098,116.97,
8099,55.84,
8100,147.32,
8101,191.49,
8102,259.26,
8103,300.19,
8104,234.02,
8105,132.9,
8106,24.43,
8107,0,
8108,0,
8109,0,
8110,0,
8111,0,
8112,0,
8113,0,
8114,0,
8115,0,
8116,0,
8117,0,
8118,0,
8119,0,
8120,0,
8121,7.16,
8122,119.57,
8123,20.75,
8124,74.84,
8125,131.6,
8126,190.77,
8127,242.06,
8128,235.81,
8129,131.49,
8130,1.94,
8131,0,
8132,0,
8133,0,
8134,0,
8135,0,
8136,0,
8137,0,
8138,0,
8139,0,
8140,0,
8141,0,
8142,0,
8143,0,
8144,0,
8145,0,
8146,0,
8147,0,
8148,50.34,
8149,30.22,
8150,39.72,
8151,100.99,
8152,103.47,
8153,86.31,
8154,0,
8155,0,
8156,0,
8157,0,
8158,0,
8159,0,
8160,0,
8161,0,
8162,0,
8163,0,
8164,0,
8165,0,
8166,0,
8167,0,
8168,0,
8169,0,
8170,0,
8171,0,
8172,0.58,
8173,14.13,
8174,38.62,
8175,39.38,
8176,35.18,
8177,0,
8178,0,
8179,0,
8180,0,
8181,0,
8182,0,
8183,0,
8184,0,
8185,0,
8186,0,
8187,0,
8188,0,
8189,0,
8190,0,
8191,0,
8192,0,
8193,0,
8194,0,
8195,0,
8196,0,
8197,0,
8198,0,
8199,0,
8200,0,
8201,0,
8202,5.57,
8203,137.37,
8204,145.9,
8205,0,
8206,0,
8207,0,
8208,0,
8209,0,
8210,0,
8211,0,
8212,0,
8213,0,
8214,0,
8215,0,
8216,0,
8217,68.26,
8218,1.83,
8219,0,
8220,12.75,
8221,26.93,
8222,52.48,
8223,57.95,
8224,45.58,
8225,5.77,
8226,0,
8227,0,
8228,0,
8229,0,
8230,0,
8231,0,
8232,0,
8233,0,
8234,0,
8235,0,
8236,0,
8237,0,
8238,0,
8239,0,
8240,0,
8241,0,
8242,0,
8243,0,
8244,0,
8245,0,
8246,0,
8247,0,
8248,0,
8249,0,
8250,0,
8251,0,
8252,0,
8253,0,
8254,0,
8255,0,
8256,0,
8257,0,
8258,0,
8259,0,
8260,0,
8261,0,
8262,0,
8263,0,
8264,0,
8265,0,
8266,0,
8267,0,
8268,0,
8269,0,
8270,0,
8271,0,
8272,0,
8273,0,
8274,0,
8275,0,
8276,0,
8277,0,
8278,0,
8279,0,
8280,0,
8281,0,
8282,0,
8283,0,
8284,0,
8285,0,
8286,0,
8287,0,
8288,0,
8289,0,
8290,0,
8291,0,
8292,0,
8293,0,
8294,0,
8295,0,
8296,0,
8297,0,
8298,0,
8299,0,
8300,0,
8301,0,
8302,0,
8303,0,
8304,0,
8305,0,
8306,0,
8307,0,
8308,0,
8309,0,
8310,0,
8311,0,
8312,0,
8313,0,
8314,0,
8315,0,
8316,0,
8317,0,
8318,0,
8319,0,
8320,0,
8321,0,
8322,0,
8323,0,
8324,0,
8325,0,
8326,0,
8327,0,
8328,0,
8329,0,
8330,0,
8331,0,
8332,0,
8333,0,
8334,0,
8335,0,
8336,0,
8337,225.51,
8338,365.76,
8339,5.03,
8340,14.32,
8341,0,
8342,87.75,
8343,202.2,
8344,346.76,
8345,239.97,
8346,11.05,
8347,0,
8348,0,
8349,0,
8350,0,
8351,0,
8352,0,
8353,0,
8354,0,
8355,0,
8356,0,
8357,0,
8358,0,
8359,0,
8360,0,
8361,22.37,
8362,126.04,
8363,219.51,
8364,258.57,
8365,305.37,
8366,346.27,
8367,437.03,
8368,510.28,
8369,432.61,
8370,154.12,
8371,93.46,
8372,60.45,
8373,0,
8374,0,
8375,0,
8376,0,
8377,0,
8378,0,
8379,0,
8380,0,
8381,0,
8382,0,
8383,0,
8384,0,
8385,422.08,
8386,284.35,
8387,404.34,
8388,429.96,
8389,450.87,
8390,548.31,
8391,692.49,
8392,760.31,
8393,672.81,
8394,318.57,
8395,225.06,
8396,178.72,
8397,0,
8398,0,
8399,0,
8400,0,
8401,0,
8402,0,
8403,0,
8404,0,
8405,0,
8406,0,
8407,0,
8408,0,
8409,112.33,
8410,543.18,
8411,398.19,
8412,581.67,
8413,246.06,
8414,350.74,
8415,253.76,
8416,144.33,
8417,229.39,
8418,214.52,
8419,234.98,
8420,259.82,
8421,0,
8422,0,
8423,0,
8424,0,
8425,0,
8426,0,
8427,0,
8428,0,
8429,0,
8430,0,
8431,0,
8432,0,
8433,185.36,
8434,226.32,
8435,13.94,
8436,39.38,
8437,47.73,
8438,89.96,
8439,105.42,
8440,70.65,
8441,33.16,
8442,20.31,
8443,65.18,
8444,39.41,
8445,0,
8446,0,
8447,0,
8448,0,
8449,0,
8450,0,
8451,0,
8452,0,
8453,0,
8454,0,
8455,0,
8456,0,
8457,157.47,
8458,143.08,
8459,87.27,
8460,230.94,
8461,306.93,
8462,449.34,
8463,543.73,
8464,478.44,
8465,293.45,
8466,75.22,
8467,20.75,
8468,7.7,
8469,0,
8470,0,
8471,0,
8472,0,
8473,0,
8474,0,
8475,0,
8476,0,
8477,0,
8478,0,
8479,0,
8480,0,
8481,0,
8482,141.21,
8483,282.41,
8484,281.99,
8485,311.69,
8486,461.42,
8487,450.35,
8488,367.39,
8489,141.45,
8490,40.71,
8491,2.29,
8492,0,
8493,0,
8494,0,
8495,0,
8496,0,
8497,0,
8498,0,
8499,0,
8500,0,
8501,0,
8502,0,
8503,0,
8504,0,
8505,0,
8506,0,
8507,10.72,
8508,41.11,
8509,56.46,
8510,94.89,
8511,122.48,
8512,109.87,
8513,33.06,
8514,0,
8515,0,
8516,0,
8517,0,
8518,0,
8519,0,
8520,0,
8521,0,
8522,0,
8523,0,
8524,0,
8525,0,
8526,0,
8527,0,
8528,0,
8529,19.1,
8530,70.73,
8531,163.49,
8532,227.6,
8533,272.71,
8534,324.96,
8535,387.56,
8536,464.78,
8537,399.15,
8538,137.49,
8539,84.72,
8540,54.28,
8541,0,
8542,0,
8543,0,
8544,0,
8545,0,
8546,0,
8547,0,
8548,0,
8549,0,
8550,0,
8551,0,
8552,0,
8553,0,
8554,0,
8555,0,
8556,0,
8557,0,
8558,26.12,
8559,0,
8560,0,
8561,0,
8562,0,
8563,0,
8564,0,
8565,0,
8566,0,
8567,0,
8568,0,
8569,0,
8570,0,
8571,0,
8572,0,
8573,0,
8574,0,
8575,0,
8576,0,
8577,0,
8578,0,
8579,0,
8580,0,
8581,0,
8582,0,
8583,0,
8584,0,
8585,0,
8586,0,
8587,0,
8588,0,
8589,0,
8590,0,
8591,0,
8592,0,
8593,0,
8594,0,
8595,0,
8596,0,
8597,0,
8598,0,
8599,0,
8600,0,
8601,0,
8602,0,
8603,0,
8604,0,
8605,0,
8606,0,
8607,0,
8608,0,
8609,0,
8610,0,
8611,0,
8612,0,
8613,0,
8614,0,
8615,0,
8616,0,
8617,0,
8618,0,
8619,0,
8620,0,
8621,0,
8622,0,
8623,0,
8624,0,
8625,0,
8626,0,
8627,0,
8628,0,
8629,0,
8630,0,
8631,0,
8632,0,
8633,0,
8634,0,
8635,0,
8636,0,
8637,0,
8638,0,
8639,0,
8640,0,
8641,0,
8642,0,
8643,0,
8644,0,
8645,0,
8646,0,
8647,0,
8648,0,
8649,0,
8650,0,
8651,0,
8652,0,
8653,0,
8654,0,
8655,0,
8656,0,
8657,0,
8658,0,
8659,0,
8660,0,
8661,0,
8662,0,
8663,0,
8664,0,
8665,0,
8666,0,
8667,0,
8668,0,
8669,0,
8670,0,
8671,0,
8672,0,
8673,0,
8674,0,
8675,0,
8676,0,
8677,0,
8678,0,
8679,0,
8680,0,
8681,0,
8682,0,
8683,0,
8684,0,
8685,0,
8686,0,
8687,0,
8688,0,
8689,0,
8690,0,
8691,0,
8692,0,
8693,0,
8694,0,
8695,0,
8696,0,
8697,0,
8698,0,
8699,0,
8700,0,
8701,0,
8702,0,
8703,0,
8704,0,
8705,0,
8706,0,
8707,0,
8708,0,
8709,0,
8710,0,
8711,0,
8712,0,
8713,0,
8714,0,
8715,0,
8716,0,
8717,0,
8718,0,
8719,0,
8720,0,
8721,0,
8722,0,
8723,0,
8724,0,
8725,0,
8726,0,
8727,0,
8728,0,
8729,2.85,
8730,0,
8731,0,
8732,0,
8733,0,
8734,0,
8735,0,
8736,0,
8737,0,
8738,0,
8739,0,
8740,0,
8741,0,
8742,0,
8743,0,
8744,0,
8745,0,
8746,0,
8747,0,
8748,0,
8749,0,
8750,0,
8751,0,
8752,0,
8753,0,
8754,0,
8755,0,
8756,0,
8757,0,
8758,0,
8759,0,
8760,0,
